habitation_id,habitation_name,district,latitude,longitude
304099,Chamthaibari,Baksa,26.610183053712912,90.90260427068836
304111,Mathanguri  (Kuthrijar N.C.),Baksa,26.647058438794016,90.97683375970338
304115,Barangabari,Baksa,26.65008382256131,91.03257524704176
304125,Bahbari,Baksa,26.61492461574602,91.03154557470448
304127,Narsingbari,Baksa,26.60346800997773,91.03292422237692
304132,Balipur,Baksa,26.582688090180906,90.95781773816933
304133,Gobardhana,Baksa,26.58404739164762,90.96864945251124
304135,Jengrengpara,Baksa,26.606675269181167,91.01268727125864
304136,Rajdhakmal,Baksa,26.593799425632284,91.02771940989965
304138,Khusurabari,Baksa,26.57943777496513,91.02722208621448
304141,Kachugaon,Baksa,26.57114828565436,91.065481481408
304142,Kawaimari,Baksa,26.55623089998089,91.06597289526616
304143,Barghopa Bilar Pathar,Baksa,26.55616791881604,91.05520445401432
304151,Dalogaon,Baksa,26.56558071418471,91.00072795058097
304158,Otagaon,Baksa,26.52580852761228,91.00449940745628
304159,Katajhar Gaon,Baksa,26.53912454998817,90.99498783082652
304160,BajeGaon,Baksa,26.52612874813092,90.9959039728374
304161,Moirajhar Pathar,Baksa,26.51509573770659,90.9886719467564
304162,Athiabari,Baksa,26.49064977274538,90.98646698997904
304173,Ganakpara,Baksa,26.463343806067456,90.9940595950901
304178,Rangdia,Baksa,26.44972904692965,91.01553841658136
304180,Gahekhanda,Baksa,26.43946267983404,90.99372915595598
304183,Bebejiapara,Baksa,26.588192820810807,91.28681427099949
304185,Bhuyapara,Baksa,26.693243919915968,91.11438605479236
304189,Majrabari,Baksa,26.677073944143068,91.13112363095745
304195,Aouhata,Baksa,26.6453878453957,91.06815126662389
304196,Udiaguri,Baksa,26.64254427112668,91.0858004780936
304199,Ghoramara,Baksa,26.66258157243896,91.11557828652224
304202,Pokalagi,Baksa,26.64787982966527,91.14660691084082
304209,Tangabari Pathar,Baksa,26.621662331817795,91.10822570097604
304214,Souraguri,Baksa,26.60415660769428,91.0516825848522
304216,Barfena Pathar,Baksa,26.591894770284448,91.07058104509308
304217,Hudukhata,Baksa,26.58971261196928,91.10668464542486
304230,Sonafuli,Baksa,26.53993475999437,91.064676905638
304231,Rupafuli,Baksa,26.53584614463577,91.05205530818417
304236,Tatikuchi,Baksa,26.52394553816311,91.04731457350722
304242,Jalah,Baksa,26.64859396464132,91.21313318828255
304247,Arkara,Baksa,26.693765514597853,91.2476909849802
304251,Panimudi,Baksa,26.702005363557,91.29101386391648
304254,Jala Gaon,Baksa,26.70745768882658,91.27760722062524
304257,Nalbari,Baksa,26.718400731404337,91.29139843598516
304259,Jangalbasti,Baksa,26.73817974754512,91.27287081100836
304263,Tekelibhanga,Baksa,26.72808985717521,91.29996378179256
304265,Kujideor,Baksa,26.66776073992912,91.21647503431235
304268,Bhalmanuhorbhita,Baksa,26.724216050867057,91.23296606791266
304271,Thebarmur,Baksa,26.74178354628257,91.23246377904154
304278,Karhana,Baksa,26.68249219869038,91.2108548199873
304280,Tukurakuchi,Baksa,26.6784356699594,91.1942182913699
304281,Odalguri Gaon,Baksa,26.71893259953459,91.21415161287392
304282,Baniakuchi Gaon,Baksa,26.700518317445148,91.2180732313322
304292,Silbari,Baksa,26.6534185745302,91.19215346378586
304296,Rajghat,Baksa,26.643263823953763,91.16162452890708
304301,Paschim Khagrabari,Baksa,26.633081318579887,91.19751105128594
304304,Gati Gaon NC,Baksa,26.74485605642559,91.2935653348584
304305,Dangarigaon NC,Baksa,26.748583000857632,91.27771222855596
304306,Golagaon NC,Baksa,26.752267820777043,91.26518808895705
304308,Chepana NC,Baksa,26.78344389257368,91.254120789455
304314,Kalegaon NC,Baksa,26.70783802399215,91.12553540348834
304317,Salegaon NC,Baksa,26.702387289988923,91.1378594856515
304321,Dabosila  ( Dabkhila ),Baksa,26.70507320465084,91.7358451966419
304324,Bhulubatabari,Baksa,26.68953076802009,91.73390974895788
304329,Suagpur No.4,Baksa,26.672865218715422,91.720982458063
304332,Suagpur No.5,Baksa,26.66276945301846,91.71437817812044
304339,Kalbari,Baksa,26.61750456633921,91.72272311155398
304342,Barigaon,Baksa,26.62195674665731,91.67688868245202
304344,Dighalipar,Baksa,26.606053347682533,91.73319104228214
304345,Ramgaon,Baksa,26.60156609464917,91.74667437461044
304347,Roumari No.2,Baksa,26.586828894039414,91.75914774798896
304348,Ranchajhar,Baksa,26.58379990365987,91.73838838374634
304350,Tengajhar,Baksa,26.60199129000233,91.70383210460554
304351,Chenigaon,Baksa,26.60671236834704,91.67695022204298
304353,Pukhuripar,Baksa,26.58514003786992,91.70392942029504
304354,Simila,Baksa,26.581960707552746,91.71946330754568
304359,Nij Betna,Baksa,26.56021061783964,91.74647562266644
304360,Bhogpur,Baksa,26.557522925723514,91.71985562789952
304371,Rampur,Baksa,26.535450813336244,91.77016550090134
304379,Goreswar No.4,Baksa,26.508646915978154,91.71791789935308
304380,Goreswar No.5,Baksa,26.511613697282705,91.73330166907718
304381,Silkijhar,Baksa,26.50887303431907,91.75638024405906
304383,Balabari,Baksa,26.56380978684161,91.6806147093107
304384,Auguri,Baksa,26.56292956702415,91.70268359150248
304403,Bihapara,Baksa,26.47541655986783,91.62743169957776
304405,Deulkuchi,Baksa,26.482752061472453,91.6615899768733
304406,Dholkuchi,Baksa,26.457015420677923,91.67287234524689
304416,Chikanibari,Baksa,26.527509652935823,91.6070174775062
304417,Chirakhundi,Baksa,26.45883043724796,91.63880743182412
304418,Dangarmakha,Baksa,26.622516863329235,91.39090641473976
304419,Barimakha,Baksa,26.6235165092458,91.4083734888482
304423,Anandapur,Baksa,26.61527641368026,91.41147638475783
304424,Dongpar,Baksa,26.612472820616823,91.4002685244588
304425,Silakuti,Baksa,26.613328270519183,91.38388289559384
304426,Saukuchi,Baksa,26.597881895251515,91.37844130244632
304427,Agchia,Baksa,26.60111085219285,91.40048918362142
304428,Bangalipara,Baksa,26.602295218653264,91.41496214236282
304430,Tokankata,Baksa,26.58636830635192,91.43576892815454
304433,Badulipara,Baksa,26.583046610612826,91.38412225806152
304437,Kaljhar,Baksa,26.547468775378988,91.3556285105321
304439,Kaklabari,Baksa,26.56660551886965,91.39589751897608
304440,Khairabari,Baksa,26.57108776804028,91.41178824389723
304441,Barsimlaguri,Baksa,26.57030492568625,91.42371480732729
304444,Kumarpara,Baksa,26.56000433486002,91.42369774709144
304445,Gormara,Baksa,26.560450003597577,91.40757864866544
304446,Kadamtola,Baksa,26.54852041244473,91.3914726688534
304447,Alagjhar,Baksa,26.54919487449124,91.37386458851182
304448,Bhogpur,Baksa,26.54264682954554,91.33885302981942
304449,Jaripar,Baksa,26.542004458143644,91.40342703980714
304450,Merkuchi,Baksa,26.54572167073145,91.42301855133584
304452,Barama,Baksa,26.510371481296467,91.33380577507988
304462,Digheli,Baksa,26.495550266529857,91.30597606962884
304463,Heramjhar,Baksa,26.50112464087218,91.3195478635594
304465,Uttar Barsial,Baksa,26.56521118397456,91.51068521686476
304471,Nikashi,Baksa,26.74875921287464,91.36748731385788
304472,Dhanshripur,Baksa,26.74644019222956,91.35238888790693
304474,Arnibil,Baksa,26.74404411089653,91.31443664216316
304477,Reclamation Block A,Baksa,26.718680506006272,91.37249958774434
304483,Bhogpara,Baksa,26.69382164437404,91.34373284701309
304484,Palashguri,Baksa,26.69545649214397,91.32289002526
304489,Naharbari,Baksa,26.68110829367292,91.3154708722152
304493,Bishnupur,Baksa,26.67597783400572,91.39094655137993
304494,Barbari,Baksa,26.664684269095456,91.3935381088791
304496,No.1 Kataligaon,Baksa,26.66380448201684,91.36381264553148
304497,Ambari,Baksa,26.66630323094294,91.34040472549442
304498,Garamdew,Baksa,26.667144555239627,91.31955175721916
304499,Bhebari,Baksa,26.66887243729588,91.30360500112954
304503,Gaon Rajsthan,Baksa,26.65835618830696,91.3071496177146
304511,No.2 Kataligaon,Baksa,26.65074292007945,91.36708545907406
304519,Barimakha,Baksa,26.636538468614123,91.34975662714976
304521,Mushalpur,Baksa,26.638594949377485,91.3326360211065
304526,Katanipara,Baksa,26.602969987216888,91.2673748763477
304532,Banbari,Baksa,26.627525469525576,91.36897454755996
304537,Hatirtari,Baksa,26.60302884973609,91.3041774851004
304541,Nalbari,Baksa,26.59636145461352,91.34580272465142
304546,Chaulkara,Baksa,26.74382831698053,91.38370317625164
304547,Khamarigaon,Baksa,26.67344219170624,91.40701303281078
304553,Morapagladiya RF,Baksa,26.647881143116027,91.42106978999158
304555,Uttar Kuchi,Baksa,26.767280556649283,91.43236001850973
304560,Subankhata NC,Baksa,26.76943032663308,91.45263678270804
304561,Muthiabari,Baksa,26.744975267609824,91.44088781155928
304565,Barikadanga,Baksa,26.705941061657203,91.46951630785011
304567,Udaypur,Baksa,26.71589555840215,91.4196180801542
304569,Benchimari,Baksa,26.69743779531589,91.42015473550104
304572,Boglamari,Baksa,26.67277063222214,91.43017052303368
304575,Uttarpara,Baksa,26.66565298906177,91.46070416262648
304579,Roumari,Baksa,26.6352105320635,91.43549019562516
304582,Madaltana,Baksa,26.644251570190384,91.48887904758344
304583,Kadamtola,Baksa,26.631530888879105,91.4810545817685
304584,Khagrabari,Baksa,26.630873565645693,91.46661356718056
304591,Ghoramara,Baksa,26.60765583757832,91.47787993486172
304594,Horhoria,Baksa,26.5961468659392,91.47419325384834
304599,Sukanjuli,Baksa,26.77686817949952,91.49428270418666
304603,Sashipur,Baksa,26.771906342673333,91.50759294050415
304604,Hartola,Baksa,26.766779073867387,91.49246291336776
304605,Patkijuli,Baksa,26.766004564110457,91.47547335102963
304609,Bhalukjhar,Baksa,26.72248634168493,91.54879863669626
304616,Kumarpara,Baksa,26.708489642360224,91.48841376799383
304617,Kuhipar,Baksa,26.709173386945423,91.5098357232129
304626,Ambari Sarubhera,Baksa,26.69438614749496,91.54160520103972
304627,Sarubhera,Baksa,26.701045573694707,91.52776948698084
304629,Kadanga,Baksa,26.69563464758324,91.49341625231015
304633,Bherakhat,Baksa,26.69310766403688,91.56112207083974
304634,Hazaragaon,Baksa,26.704377973740574,91.55976335957372
304637,Ekrajuli,Baksa,26.70032555677718,91.60250592809382
304640,Phahurabari,Baksa,26.691164252281368,91.5794707295919
304643,Rangapani,Baksa,26.6744222113048,91.54701677299587
304645,Simalubari,Baksa,26.676286642723696,91.52567898145452
304650,Kaliakur,Baksa,26.666677800241903,91.55154837198836
304658,No.1 Pub Hawli,Baksa,26.65182812836937,91.59126329519856
304659,No.2 Banguri,Baksa,26.65990067984105,91.58963173816146
304663,Padmapara,Baksa,26.658664283822905,91.53177687031896
304667,Dighilipar,Baksa,26.642595271378887,91.56482081512276
304681,Bilpar,Baksa,26.618393925906947,91.55723959678384
304682,Bhakatpara,Baksa,26.619377961307325,91.5712908990974
304683,Charangbari,Baksa,26.63125997076819,91.58254164783176
304686,Kalbari,Baksa,26.60655888667681,91.61498247494674
304690,Punia,Baksa,26.608791598698417,91.57540576512925
304697,Teteliguri,Baksa,26.587128588774743,91.559865902058
304700,Jhargaon,Baksa,26.58736477367241,91.5978253165338
304701,Batiamari,Baksa,26.588261551132018,91.61225595640263
304709,Goybari,Baksa,26.795355869206634,91.66911395721618
304715,Bihangapur,Baksa,26.77433248293261,91.59314252763956
304718,Jogeshpur,Baksa,26.76355697747561,91.5563142493292
304720,No.3 Kalipur,Baksa,26.750675852125152,91.56587363586652
304728,No.1 Bagarikhuti,Baksa,26.75043704002775,91.66930429775616
304730,Sidhinathpur,Baksa,26.73640199349328,91.62407893651938
304733,Mezguri,Baksa,26.74404944427273,91.58747716282254
304740,No.2 Khuchungjuli,Baksa,26.72563283124479,91.61512155610777
304741,Motigaon,Baksa,26.72179993437574,91.621408393385
304742,Ekrabil  (Ikrabil),Baksa,26.73671105694165,91.63643228007597
304743,Joypur,Baksa,26.737954284700336,91.6524526155182
304745,Nonke Dongargaon No.2,Baksa,26.7187228184276,91.6787882791505
304750,Laupara,Baksa,26.694517625723588,91.6150350720688
304755,No.2 Pipleni,Baksa,26.70140624514518,91.68769518016563
304758,Tebitola,Baksa,26.69152933191958,91.62826428621514
304760,Geruapar,Baksa,26.66045456230535,91.6240866606372
304765,Dakhin Dongargaon,Baksa,26.68017033888117,91.66686256340611
304767,Ahiabari,Baksa,26.669947155490675,91.6723552915996
304770,Majgari,Baksa,26.65007875601896,91.64001275625245
304771,Kachukata,Baksa,26.62403226986564,91.63704220860596
304780,Dakhin Golbera,Baksa,26.54082231046156,91.62155516206973
304781,Bamunjhar,Baksa,26.47640731431816,91.79472849668328
0,Unnamed Habitation,Barpeta,26.208274160034744,91.0154390068637
282598,Pora Gaon,Barpeta,26.56651811325536,90.90655412383168
282601,Khudna Bari,Barpeta,26.53253026997144,90.91899101571846
282602,Bogriguri Pathar,Barpeta,26.550045332440245,90.90682098877367
282604,Dotra,Barpeta,26.55238435632796,90.85012458773905
282608,Peragaon Pathar,Barpeta,26.53581538032704,90.8649581722738
282615,Hatapara,Barpeta,26.582620079790136,90.99464672844093
282623,Domani Gaon,Barpeta,26.530623238378165,90.94180238989148
282625,Hala Pakuri,Barpeta,26.4586814329408,90.95410207068734
282626,Barbari Jhar,Barpeta,26.44861181335525,90.9526698798512
282628,Sat Bainer Tup (Satbaineea Tup),Barpeta,26.494262752432306,90.944263110642
282635,Kala Bhanga,Barpeta,26.49731380910149,90.95165465369912
282637,Shapur  (Sahpur),Barpeta,26.51216647698122,90.90522124247248
282639,Puthimari,Barpeta,26.51336086930193,90.88613548160146
282649,Nontola,Barpeta,26.506753201992385,90.8582758444723
282655,Bata Bari,Barpeta,26.48942869997253,90.9190095733926
282657,Bhaluki,Barpeta,26.474480104143183,90.93133776929456
282658,Raypur,Barpeta,26.46861380743031,90.95206920448344
282665,Bare Gaon,Barpeta,26.48687664847704,90.868433017401
282668,Fewra Khowa,Barpeta,26.477242566729423,90.82511709151582
282672,Bagula Mari,Barpeta,26.45317872388202,90.83008859347706
282674,Meda Gaon,Barpeta,26.47721759459251,90.8642716765193
282678,Sapana,Barpeta,26.460041003037265,90.90430034144826
282679,Kurobaha  (Kurobaha),Barpeta,26.449027065669096,90.90441268155443
282682,Jakua Para,Barpeta,26.463425202340503,90.87220223008734
282683,Ghilajari,Barpeta,26.45390046462671,90.866514532436
282688,Khata Kuchi  (Lhta Kuchi),Barpeta,26.43829385117945,90.8756718025072
282695,Jamer Kur,Barpeta,26.40533371725912,90.83354870367336
282700,Guileza,Barpeta,26.4030879558134,90.86324787948216
282710,Balai Pathar,Barpeta,26.372693265275952,90.86818629661812
282715,Kalgachia,Barpeta,26.349385122766144,90.85514599983416
282725,Chariatpur,Barpeta,26.31665592353074,90.816664281455
282726,Digjani,Barpeta,26.30495953865807,90.83776945562924
282727,Khudrakuchi,Barpeta,26.3364426124967,90.86186232047883
282730,Langla,Barpeta,26.31651446292488,90.79099411186662
282731,Chenimari,Barpeta,26.307147613527817,90.8018089761974
282740,Khudrakhowa,Barpeta,26.284159219712286,90.7567342058475
282741,Uprupi,Barpeta,26.27083945126749,90.77500691665882
282748,Khatatari,Barpeta,26.26835196043261,90.82162888371688
282750,Sawrachar Pathar (Sewra Chera),Barpeta,26.25689176077042,90.83129579002043
282755,Manikpur,Barpeta,26.272033587086177,90.75776159728598
282757,Balikuri Pathar,Barpeta,26.242052322163097,90.78376924396794
282780,Pahartali,Barpeta,26.219510917924715,90.69985314059252
282781,Chatala Gaon,Barpeta,26.23062208888214,90.71765909677586
282783,Chatala N.C.,Barpeta,26.21291286805637,90.77032502613338
282785,Bandarmora,Barpeta,26.21259896752263,90.80169694310116
282787,Deuldi,Barpeta,26.247936262994884,90.72428241387168
282788,Kayakuchi Pathar,Barpeta,26.25604758439108,90.72206260137672
282792,Barhowara,Barpeta,26.238327037122467,90.7053074445343
282794,Bhairarpam,Barpeta,26.251528773246324,91.00406287071232
282795,Gopalpur,Barpeta,26.247474830694,91.02115165910342
282803,Digir Pathar,Barpeta,26.226609989086164,90.97471595164006
282805,Tedhara Pathar,Barpeta,26.24677638045312,90.97234886418128
282810,Garala Pam,Barpeta,26.20966516323568,90.9447089189639
282819,Ali Gaon Pathar,Barpeta,26.198726316135847,90.92229834841446
282827,Ranirpam,Barpeta,26.20280252528537,90.90797905086346
282828,Silosi,Barpeta,26.21777443406681,90.89876513400358
282833,Satra Kanara N.C.,Barpeta,26.243237737309784,90.89284555339732
282837,Kahibari Pam,Barpeta,26.205469544282035,90.93535903486104
282838,Ramapara Gaon,Barpeta,26.192525557635992,90.85707506865396
282844,Baghbar Gaon,Barpeta,26.215592494155903,90.87237217382706
282848,No.2 Baghmara N.C.,Barpeta,26.105668051079608,90.93388145198402
282850,No.4 Bagamara N.C.,Barpeta,26.11608611667616,90.9378107586654
282853,Chapari Pathar,Barpeta,26.18120415337997,90.82544217478014
282860,Matha Ranga,Barpeta,26.188229248543085,90.8045994850514
282863,Jahanar Gaon,Barpeta,26.20516816398463,90.82021589960377
282866,Jahanar Par,Barpeta,26.2098976228453,90.84668782040464
282867,Jahanar Pam,Barpeta,26.21648236375978,90.81864413659696
282873,Silashi Pathar,Barpeta,26.234985184382435,90.85886807354036
282885,Dharma Pur,Barpeta,26.16831844106315,90.88164233529665
282887,Islam Pur,Barpeta,26.161319252809733,90.87338164694454
282888,Dharmapur N.C.,Barpeta,26.15663697807,90.8614759374984
282889,Chakhowajar,Barpeta,26.17199108995397,90.89094756169403
282892,Sidhani,Barpeta,26.28407013490383,90.92608092755437
282895,Balikuri N.C.,Barpeta,26.279247215580263,90.8467103149767
282896,Rubhi,Barpeta,26.29399903136619,90.87295498257652
282897,Balikuri,Barpeta,26.29712786252409,90.86230547983244
282907,Chunpura,Barpeta,26.322776060658864,90.89832267908052
282913,Daukmari,Barpeta,26.33939023521464,90.9037725466761
282915,Gurala,Barpeta,26.273669707577792,90.91436151763516
282931,Tetelirtol,Barpeta,26.29605747938033,90.96236219622284
282932,Bhograndha,Barpeta,26.307202736982475,90.95289465033494
282938,Bandali,Barpeta,26.252849949524304,91.19853067533931
282939,Jatradia N.C.,Barpeta,26.246845822723383,91.19993144113889
282942,Arimara N.C.,Barpeta,26.238367216896304,91.19444127201932
282943,Chenglidia,Barpeta,26.241552941396613,91.21932524809844
282948,Majar Char,Barpeta,26.22791526914922,91.19441943864769
282949,Damdama,Barpeta,26.228238353666505,91.2241462116855
282955,Aduripara N.C.,Barpeta,26.19754431764852,91.11386003125672
282958,Kashimpur,Barpeta,26.185548132737605,91.12488753929269
282960,Simalubari,Barpeta,26.181741603248508,91.1262121562928
282969,Marisakandi N.C.,Barpeta,26.198596073994626,91.17872084188664
282973,Pathimari N.C.,Barpeta,26.18994674796635,91.09121794998084
282974,Lakhimpur N.C.,Barpeta,26.2037561447638,91.19131570056636
282976,Matabari,Barpeta,26.27754026350972,91.13722507907067
282978,Saru Chenga,Barpeta,26.28685209100299,91.155354640327
282985,Haripur,Barpeta,26.258365956170504,91.15137664559948
282986,Niz Bahari,Barpeta,26.25494796557568,91.16942146412188
282988,Niz Chenga,Barpeta,26.276042462443453,91.17392006158587
282998,Chata Gaon,Barpeta,26.266870845179984,91.2364607802238
282999,Roumari Gaon,Barpeta,26.2540388260212,91.23427099206984
283003,Guma  (Goma),Barpeta,26.249919645329232,91.133046926329
283008,Joypur,Barpeta,26.42673542669927,90.95097318397904
283010,Kathlijar,Barpeta,26.406011859669533,90.92959133898624
283015,Itarbheta,Barpeta,26.40318140149035,90.99604069366224
283016,Dewlipara,Barpeta,26.388953168817903,90.92218158695066
283017,Aichara Para,Barpeta,26.380556522135,90.92807250321404
283020,Jochihati,Barpeta,26.376255824245632,90.95106446268252
283027,Baniara Para,Barpeta,26.35393617740927,90.92674868919612
283029,Garemara Pathar,Barpeta,26.3516435371374,90.95734921615156
283030,Jogir Pam,Barpeta,26.35582967031348,90.98433426693732
283034,Dhan Bandha,Barpeta,26.342356240693736,90.9847249563662
283040,Kathalor Tari,Barpeta,26.41519908011769,91.05170694505918
283044,Suagpur,Barpeta,26.40670600813545,91.0791725824876
283054,Balarbhitha,Barpeta,26.373911037905906,90.99720489017172
283059,Putlar Tari,Barpeta,26.37313122519508,91.0274446809345
283061,Chakir Bhitha,Barpeta,26.374975598612146,91.0576370765566
283068,Khandarkur,Barpeta,26.34634156234836,91.02451086128607
283069,Paka Betbari Pathar,Barpeta,26.340991873990387,91.06825849903402
283077,Kahibari,Barpeta,26.276833622944064,91.0388303596408
283081,Moukhari  (Manikhari),Barpeta,26.28758084586944,91.06755197328658
283086,Taparbori,Barpeta,26.33401072648126,91.06205450382312
283094,Kharua Para  (Nagaon Kharuapara,Barpeta,26.323293021904416,91.0915258294084
283095,Radhakuchi,Barpeta,26.31800112809797,91.10677423299693
283097,Dokania,Barpeta,26.32531786574544,91.12274048998904
283099,Bhayraguri Pam,Barpeta,26.355969675092663,91.13287869767476
283104,Hahchara,Barpeta,26.323809166708333,91.140917077042
283109,Bar Agdia,Barpeta,26.30463792947312,91.157933865759
283116,Bar Suha  (Barsoha),Barpeta,26.25900554798988,91.10654758809444
283117,Bar Baradi,Barpeta,26.251592631175065,91.11701516050356
283118,Pajar Bhanga,Barpeta,26.24206740155105,91.10017044610667
283129,Garemari Gaon,Barpeta,26.249470876819853,91.054293744897
283140,Teklabala  (Tekelabala),Barpeta,26.272951572790404,91.01108519392844
283146,Josodar Pam,Barpeta,26.355003777631943,91.1774427523095
283148,Uttar Burikamar,Barpeta,26.343501492959703,91.16411328196487
283150,Agdia Pathar,Barpeta,26.32683176832453,91.15302450150244
283157,Bhogdia,Barpeta,26.310371668324624,91.18586618937304
283160,Balar Bari,Barpeta,26.299299420927927,91.21220125543132
283170,Pachim Aladi,Barpeta,26.33232073140381,91.2107032979116
283173,Belbari Pathar,Barpeta,26.341506927485508,91.21051256174458
283176,Kamar Para,Barpeta,26.35226214349574,91.21892210888213
283186,Kaldi,Barpeta,26.29624642655047,91.2718094675004
283187,Chatala,Barpeta,26.30204948975312,91.2625721072298
283188,Barghopa,Barpeta,26.31416530010921,91.25926769269672
283189,Chinadi Pathar,Barpeta,26.31693700129321,91.27263228817472
283190,Khapani Kuchi,Barpeta,26.330372484125544,91.26765662053204
283193,Na-Kuchi,Barpeta,26.35920213213426,91.26088507831248
283204,Palla,Barpeta,26.378969990223755,91.25373651658911
283207,Balipara Pam,Barpeta,26.352425959534788,91.2772226792617
283213,Satra Barala,Barpeta,26.44940159416625,91.1462486652217
283214,Amda Gaon,Barpeta,26.45527764498308,91.15781184920937
283222,Kirkira,Barpeta,26.42204660502565,91.13241558382232
283226,Kayakuchi Gaon,Barpeta,26.3986960905779,91.10467880718984
283230,Gumir Pathar  (Gunir Pathar),Barpeta,26.370767332749733,91.0824761454455
283233,Maricha Pathar,Barpeta,26.346141978674765,91.07933542748792
283238,Jalkara,Barpeta,26.37239467492728,91.10761751496808
283242,Pithadi Gaon,Barpeta,26.37360670846152,91.15016644963664
283244,Era Kachari Para,Barpeta,26.37870596992144,91.16116321404664
283245,Erar Tari  (Ara Tari),Barpeta,26.38411271465544,91.172166081668
283255,Rampur,Barpeta,26.423875535212744,91.19998313470772
283259,Jabri Kuchi,Barpeta,26.38355472214236,91.19519191425512
283261,Phul Bari,Barpeta,26.36519427994642,91.20079077621423
283264,Batia,Barpeta,26.399714526270028,91.21642860275422
283265,Parakuchi Gaon (Parakhuchi Pam),Barpeta,26.410208259751148,91.21289327181472
283271,Chomua Ulua,Barpeta,26.577608642562748,91.21682951927832
283274,Nitananda Panbari,Barpeta,26.55688605660478,91.20657210709842
283281,Doloi Gaon,Barpeta,26.53097434208883,91.16354927094494
283282,Nagar Gaon,Barpeta,26.533321485648365,91.19484605171957
283284,Rahadhar Birkala,Barpeta,26.51004562800592,91.19844537126674
283292,Ban Gaon,Barpeta,26.44024488766741,91.20375177062144
283308,Pathsala Gaon,Barpeta,26.495570229793127,91.16292289162804
283313,Balipara,Barpeta,26.46770779872033,91.24368862483468
283320,Dharamtala,Barpeta,26.50190706317052,91.22016913553983
283322,Patacharkuchi,Barpeta,26.51464215845153,91.2419515529198
283323,Sariha Chakla  (Sari Chakla),Barpeta,26.51890976979796,91.228059924233
283325,Gobindapur,Barpeta,26.52584519141668,91.21980371364585
283329,Bania Gaon,Barpeta,26.56502337405392,91.23650848297513
283336,Bangna Bari  (Bangana Bari),Barpeta,26.571457179244184,91.25356675909548
283339,Niz-Sathi Samukha,Barpeta,26.55556991441172,91.2677336226576
283341,Pan Para,Barpeta,26.651790376789627,91.1298166786544
283342,Madhapur,Barpeta,26.65181184524308,91.11381564315109
283343,Pakriguri Pathar,Barpeta,26.630258392988463,91.12776329707592
283344,Chinapatani,Barpeta,26.630985834333483,91.11643228758015
283347,Kathalmuri Ghat,Barpeta,26.618678433163826,91.14455863399556
283350,Soto Kamar,Barpeta,26.54815391505729,91.1082803622402
283356,Ananda Pur,Barpeta,26.449911168713644,91.04005194162728
283359,Kalbari,Barpeta,26.46746007463133,91.07979516542596
283361,Kahara Gaon,Barpeta,26.47609111842477,91.10361410715004
283371,Dakshin Hati,Barpeta,26.43747598578577,91.0770151579955
283375,Galia,Barpeta,26.42680848519816,91.0594562769683
283381,Madha Pur,Barpeta,26.4490453216575,91.10245280007972
283382,Datir Bori,Barpeta,26.43379003662261,91.1132400519486
283384,Karagari Pathar,Barpeta,26.42353641900105,91.11422721044542
283385,Bamunkutani,Barpeta,26.59008490920187,91.13351502738136
283388,Dalimar Bhitha,Barpeta,26.574715755407382,91.1382546277118
283402,Chaulia Bori,Barpeta,26.51920471089521,91.1022607119821
283408,Charal Para,Barpeta,26.49694782984348,91.13154229247682
283427,Bandha Sidhani,Barpeta,26.596345077962976,91.15936165148366
283430,Doisingri  (Doimingari),Barpeta,26.58964769330295,91.1923196508554
801558,Howli,Barpeta,26.418144352097467,90.97482407234271
301243,Korebari,Bongaigaon,26.49486661196979,90.61617501679376
301245,Kharija Dholaigaon Pt-I (Part),Bongaigaon,26.491819006993257,90.56463402215046
301249,Chaprakata Pt I,Bongaigaon,26.483832669424867,90.6012096912516
301251,Chaprakata Pt.III,Bongaigaon,26.47668360076155,90.61778147250836
301253,Chitkagaon,Bongaigaon,26.462652230635307,90.5884181201817
301256,Salbari  (Pt),Bongaigaon,26.490422747807333,90.55981566092076
301257,Bholaguri,Bongaigaon,26.48210393422336,90.5369477557032
301259,Jelakajhar Pt I  (Jelkajhar Pt.I),Bongaigaon,26.455093061608867,90.52893924339696
301262,Mechpara,Bongaigaon,26.45918233801569,90.56889229059306
301267,Ulubari,Bongaigaon,26.4394972665802,90.56363731808462
301274,Mulagaon Rabhapara,Bongaigaon,26.420358619343304,90.5161340021434
301275,Mulagaon Chennapara,Bongaigaon,26.427008915944903,90.51967216696444
301279,Bhatipara N.C.,Bongaigaon,26.410576188638856,90.53820350159732
301282,Mulagaon Totpara,Bongaigaon,26.417431076299923,90.50945146340496
301283,Nagariagaon,Bongaigaon,26.41092196286133,90.51025647960874
301289,Sipansila Pt II,Bongaigaon,26.42340612318096,90.59477249870709
301291,Kashibari,Bongaigaon,26.43151989894947,90.61206570838462
301292,Sipansila Pt III  (Chiponsila Pt.III),Bongaigaon,26.41411421343692,90.5989207373812
301293,Sipansila Pt I  (Chiponsila Pt.I),Bongaigaon,26.417360018916337,90.60876542414604
301294,Kathalguri,Bongaigaon,26.41964468637458,90.61644247148156
301298,Chokapara Pt II,Bongaigaon,26.397225074141303,90.59447874150092
301302,Majgaon Pt II  (Majgaon),Bongaigaon,26.405555326841927,90.56770303281206
301314,Khakarpur Pt-III,Bongaigaon,26.355508952033468,90.54536898905246
301319,Baripukhuri Pt II,Bongaigaon,26.327948805341386,90.56853800644636
301320,Ghilaguri Pt II,Bongaigaon,26.336547751591,90.57868369744656
301322,Ghilaguri Pt III,Bongaigaon,26.31823578969848,90.58121915954112
301323,Ravapara,Bongaigaon,26.332161335445324,90.58911714799514
301325,New Bongaigaon Rly. Col.,Bongaigaon,26.46444774171454,90.53901667940484
301326,Dhontola,Bongaigaon,26.35005445143108,90.458295508552
301328,Panchagaon Pahar,Bongaigaon,26.326962617779408,90.4659169737135
301331,Talguri,Bongaigaon,26.32680813985704,90.47942772344724
301333,Sudamvita,Bongaigaon,26.354351702432847,90.47199492889652
301334,Bannipara,Bongaigaon,26.36096101496599,90.47506416336682
301336,Birpara,Bongaigaon,26.368888544274167,90.48625600941337
301342,Amguri,Bongaigaon,26.3632668197078,90.502591309823
301343,Barkhata Pt I,Bongaigaon,26.364346537042884,90.5218908046272
301347,Maligaon Pahar N.C.,Bongaigaon,26.34742081157757,90.51252866957633
301348,Maligaon,Bongaigaon,26.35259797186093,90.50025137186483
301349,Bechimari,Bongaigaon,26.33567057347699,90.50068608786432
301350,Salbari,Bongaigaon,26.33781718043264,90.4869244456301
301356,Kheluapara Pt IV,Bongaigaon,26.273197361585805,90.4758117957342
301357,Kheluapara Pt VI,Bongaigaon,26.261920064273536,90.46647071587536
301362,Kharchimari,Bongaigaon,26.23066097745328,90.43731481645057
301366,Kharchimari Pt II NC,Bongaigaon,26.22221536410465,90.4442111158968
301367,Khachimari Pt II,Bongaigaon,26.214149683132025,90.4503450753595
301370,Usungarchar Pt III,Bongaigaon,26.190150163198577,90.46248952932004
301376,Maddhyarchar Pt II,Bongaigaon,26.20440601815324,90.48462842377292
301377,Satsabigharchar Pt IV,Bongaigaon,26.20510066390654,90.49907438825448
301378,Satsabighan Char Pt III,Bongaigaon,26.21183503176595,90.50915110804358
301384,Bhutkura Pt III,Bongaigaon,26.2276001591862,90.48701773132863
301385,Bhutkura Pt II,Bongaigaon,26.228981767629925,90.49435300629014
301386,Bhutkura Pt I,Bongaigaon,26.234659843097628,90.5012914479514
301389,Kharchimari No 1 N.C,Bongaigaon,26.245452284239747,90.4849437830307
301391,Iswarjari Pt I .N.C.,Bongaigaon,26.239530633676484,90.48546007116772
301392,Iswarjhari Pt II,Bongaigaon,26.23401843397069,90.48770964891357
301395,Uttampur,Bongaigaon,26.22333048419958,90.4711526092278
301396,Kharchimari Pt I,Bongaigaon,26.218100452655023,90.46317376147252
301397,Kharchimari Pt I N.C.,Bongaigaon,26.22549221507216,90.4586216567812
301398,Karchimari Pt III N.C.,Bongaigaon,26.232046353758445,90.45145064978222
301401,Oudubi Pt I,Bongaigaon,26.277252790795803,90.48544036631236
301403,Kachudola N.C.,Bongaigaon,26.267976551113183,90.4941581178747
301409,Kherpuji Pt II,Bongaigaon,26.255398159370053,90.50096843815729
301412,Hakodoba Pt I,Bongaigaon,26.24910521374634,90.52215202489975
301414,Korea Pt II,Bongaigaon,26.241049769608875,90.53630147291813
301415,Beltoli-Simlar Tol,Bongaigaon,26.252508505658348,90.53133586132267
301417,Balapara,Bongaigaon,26.267248431098245,90.53969413763724
301418,Dolani Beel,Bongaigaon,26.281459767808062,90.5279332688937
301424,Sankarghola Pt II,Bongaigaon,26.314153661778192,90.53345717764076
301425,Sarag Duar Pt I,Bongaigaon,26.318792940676897,90.52768867933705
301431,Naya Gaon Pt III,Bongaigaon,26.31892390043729,90.59713140741144
301436,Junjuna Beel,Bongaigaon,26.30588041266369,90.5761692466198
301437,Bishnupur,Bongaigaon,26.30386339063733,90.56691841758976
301442,Kumurakata Pt II,Bongaigaon,26.297740873460207,90.54801002281106
301445,Sristipara,Bongaigaon,26.27848922447663,90.5417621906126
301449,Kanara Beel,Bongaigaon,26.291899062321832,90.57321020069496
301453,Goraimari,Bongaigaon,26.276764183943907,90.58326280967027
301455,Chalantapara Pt III,Bongaigaon,26.27141308341963,90.57307349766307
301457,Chalantapara Pt I,Bongaigaon,26.257997336110147,90.58705434008144
301459,Korea Pahar,Bongaigaon,26.23459797409597,90.56080995225868
301463,Chatpara,Bongaigaon,26.230748237110845,90.54399269479433
301466,Chatpara N.C.,Bongaigaon,26.23252075114831,90.56946160991602
301467,Islampara,Bongaigaon,26.22592238305595,90.57424397454818
301469,Kabaitari Pt VI,Bongaigaon,26.23751601190241,90.5791392221195
301471,Kabaitari Pt V,Bongaigaon,26.23976524020471,90.59044854657267
301473,Chalantapara Pt IV,Bongaigaon,26.25937104913058,90.57445169236048
301476,Thakurani Khora Para,Bongaigaon,26.41930267238809,90.63603579949162
301477,Kaimari Lohra Para,Bongaigaon,26.4174328994382,90.64691076569812
301478,Simulguri Parea Para,Bongaigaon,26.39980287092593,90.65480346913104
301480,Hura Mara Pt I,Bongaigaon,26.4128843782661,90.67132174140254
301483,Charipunia Pt II,Bongaigaon,26.39920052136218,90.68220269429222
301484,Palashguri Pt.2,Bongaigaon,26.397930758044986,90.69169314750746
301486,Khamarpara Pt.1,Bongaigaon,26.3959658399435,90.70127736344472
301487,Khamarpara Pt II,Bongaigaon,26.39456791693541,90.708672197588
301490,Chillapara Pt I,Bongaigaon,26.372416280532843,90.708089133133
301493,Sonakhuli Pt I,Bongaigaon,26.3850627135792,90.6784655430568
301494,Sonakhuli Pt II,Bongaigaon,26.38056480273868,90.67073275923144
301496,Kakaijana Pt I,Bongaigaon,26.39024056278488,90.6415796991764
301497,Nakapara  (Nayapara ),Bongaigaon,26.39609352194278,90.62303797420356
301500,Uttar Salmara Pt I,Bongaigaon,26.36344863693417,90.58782893833664
301501,Uttar Salmara Pt II,Bongaigaon,26.363725480390013,90.61164678642729
301502,Uttar Salmara Pt III,Bongaigaon,26.349452819872525,90.60014908657972
301503,Uttar Salmara Pt IV,Bongaigaon,26.34264092224002,90.6106099293679
301506,Deohati Uttarpara,Bongaigaon,26.349279490159528,90.6316794282736
301509,Tulungia Pt II,Bongaigaon,26.37243756590524,90.62875778906896
301517,Ambari,Bongaigaon,26.34448599364353,90.6995766589018
301518,Ravapara,Bongaigaon,26.348130987663275,90.6805128655691
301519,Nadialpara,Bongaigaon,26.35765166649084,90.6838735550131
301523,Chotobaregarh,Bongaigaon,26.366577491934525,90.7058239216272
301524,Kacharipet Pt I,Bongaigaon,26.35716120453088,90.70794075336812
301530,Balarpet,Bongaigaon,26.40414358039179,90.733168374209
301531,Tentonpur,Bongaigaon,26.391677989149176,90.72480797375808
301534,Kahibari pt.II,Bongaigaon,26.375794237781,90.7255860435046
301536,Balarchar,Bongaigaon,26.374797579342268,90.7577905458894
301544,Numbarpara Pt II,Bongaigaon,26.390331639920944,90.79542029610538
301546,Chakla Pt II,Bongaigaon,26.39514380207827,90.81816777300622
301548,Kakila Uttarpara,Bongaigaon,26.37856498296902,90.82840158628782
301549,Kakila Majpara,Bongaigaon,26.366400159741712,90.83244722796054
301550,Kakila Dhakhinpara,Bongaigaon,26.35759372732085,90.8287636736558
301554,Kakila Pt I,Bongaigaon,26.365198312674256,90.79452088212835
301561,Balarchar Pt II,Bongaigaon,26.3634082673872,90.75584323176238
301564,Kirtanpara Pt I,Bongaigaon,26.35988681600526,90.73819583299873
301574,Topgaon Pt I,Bongaigaon,26.3349061714805,90.72097069718072
301577,Jopea Maina Para,Bongaigaon,26.33645346272345,90.74041653210584
301578,Jopea Boroichala,Bongaigaon,26.344053909126373,90.74841157377992
301582,Madrassapara,Bongaigaon,26.346598187777083,90.76955489901032
301584,Jopea,Bongaigaon,26.34655719141196,90.7870090930028
301588,Kalikura Pt II,Bongaigaon,26.335519015888742,90.7590279488728
301591,Nararvita Pt IV,Bongaigaon,26.326921802984423,90.75074951893303
301593,Nararvita Pt III,Bongaigaon,26.323925382016004,90.75853570480552
301594,Simalabari Pt II,Bongaigaon,26.31877546981364,90.75981097078936
301600,Dumerguri Pt III,Bongaigaon,26.329619497372043,90.70700929258145
301603,Rajai PaniKhowa Beel,Bongaigaon,26.32586554474086,90.68586959395262
301606,Duramari,Bongaigaon,26.30504014206301,90.6411525501642
301609,Bhomapara,Bongaigaon,26.327828398050205,90.64008530068568
301616,Behulapara,Bongaigaon,26.31184652392552,90.68542511096548
301620,Lengtisinga,Bongaigaon,26.311969632044374,90.70563682199156
301624,Santoshpur Pt I,Bongaigaon,26.312428593637904,90.72488037283588
301635,Amguri Pt II,Bongaigaon,26.296891613362263,90.64814421639706
301636,Lalmati Grazing,Bongaigaon,26.28607941872549,90.63985610532612
301648,Pakhakata,Bongaigaon,26.28357950657205,90.7065863272986
301652,Dubachuri Pt I,Bongaigaon,26.27510624894912,90.69516524701174
301653,Baghekhaiti,Bongaigaon,26.274184592797024,90.68880700893988
301655,Sikatari Pt II,Bongaigaon,26.255011174300645,90.68791127028014
301656,Sikatari Pt I,Bongaigaon,26.270809050398867,90.6821920556052
301660,Malegarh Pt III,Bongaigaon,26.25641020975034,90.61987717733818
301662,Kharagaon Pt II,Bongaigaon,26.256443017666253,90.60110814315868
301663,Bhakuamari Pt I,Bongaigaon,26.247796351102902,90.5970405499864
301665,Bhakuamari Pt II,Bongaigaon,26.24077927838323,90.6059733508407
301668,Kacharipara Pt II,Bongaigaon,26.247717995115888,90.62549850996888
301669,Malegarh Pt IV,Bongaigaon,26.253729291543,90.63694327916173
301672,Pachania Pt I,Bongaigaon,26.22734139333572,90.6063228270356
301675,Mahanpur Pt I,Bongaigaon,26.232526677207293,90.6310903518786
301677,Maleghar Pt II,Bongaigaon,26.257199390072124,90.65726628869446
301681,Barjana Pt III,Bongaigaon,26.240572241156364,90.6414470292776
301682,Tinkania Pt II,Bongaigaon,26.248563549389623,90.64572564731742
301687,Hapachora,Bongaigaon,26.472688325397485,90.63414003913314
301691,Garugaon No.2,Bongaigaon,26.4580462698398,90.64477512657773
301692,Garugaon No.3,Bongaigaon,26.45793700325096,90.65567440217842
301699,Jaraguri No.1,Bongaigaon,26.451634117620166,90.67160027720875
301701,Jamdoha No.1,Bongaigaon,26.45600030034147,90.6957692528634
301702,Mautara,Bongaigaon,26.46969423852101,90.69878328038742
301703,Deotari  (Alukhunda),Bongaigaon,26.530491375224884,90.78645791315004
301710,Patkata No.3,Bongaigaon,26.509801940451243,90.84032887110762
301714,Kawadi No.1,Bongaigaon,26.51646115972197,90.76673542325106
301716,Bowbari,Bongaigaon,26.50678692568688,90.78851876618566
301717,Dhupuri No.1,Bongaigaon,26.49764525656281,90.784676013192
301720,Lungjhar,Bongaigaon,26.488345908200383,90.77784885335332
301721,Salmara,Bongaigaon,26.486112373045767,90.76623047887232
301724,Gosaigaon,Bongaigaon,26.472652214094904,90.7307619259929
301732,Bridhabasi No 1,Bongaigaon,26.42328971974912,90.69666279198712
301737,Bhandara No.1,Bongaigaon,26.43060752198147,90.7254904891783
301743,Borbila,Bongaigaon,26.47427872304566,90.80413892285456
301747,Dompara,Bongaigaon,26.440378451136088,90.7647219139897
301749,Bhandara No 3,Bongaigaon,26.419435763352634,90.7352696673718
301750,Bhandara No 6,Bongaigaon,26.40450727902068,90.72022528413532
301752,Bashbari No.3,Bongaigaon,26.40526202958052,90.74923247509884
301755,Bashbari No.7,Bongaigaon,26.386295244649947,90.7441212798118
301757,Bashbari No.5,Bongaigaon,26.40869254954428,90.7649226928961
301760,Salabila No.3,Bongaigaon,26.433062466645865,90.7710238438505
301763,Odlaguri,Bongaigaon,26.422810502410684,90.79461612678412
301765,Takabari,Bongaigaon,26.431158839899503,90.8193475069721
301766,Abadi,Bongaigaon,26.443417541751003,90.83511694823017
301767,Nowagaon,Bongaigaon,26.407053724669424,90.81579904080814
301772,Daboli,Bongaigaon,26.448779887445028,90.46474689291476
301773,Ghilaguri,Bongaigaon,26.45140361095316,90.4337273053638
301775,Borchora,Bongaigaon,26.43354559249769,90.41354809884103
301777,Bagulamari,Bongaigaon,26.41494845812841,90.4051166975844
301778,Takuamari,Bongaigaon,26.41716703032793,90.42061928455128
301780,Nachankuti,Bongaigaon,26.398006527410587,90.4162221771626
301781,Holluguri,Bongaigaon,26.382240711739698,90.42897768671322
301783,Dholagaon,Bongaigaon,26.456741125465904,90.5097970600707
301784,Tilpukhuri,Bongaigaon,26.44333297831625,90.49060166712556
301785,Tengaigaon,Bongaigaon,26.441748393095864,90.5066681238036
301787,Saonagaon,Bongaigaon,26.415043009989123,90.4981012625732
301791,Majhigaon,Bongaigaon,26.39125277464157,90.48327348425
301794,Noldoba,Bongaigaon,26.388760880318507,90.44821880177236
301797,Durgamari,Bongaigaon,26.37026423921352,90.44011462293273
301800,Bamuni Tilu,Bongaigaon,26.36781298956303,90.45151970876414
801620,Bongaigaon,Bongaigaon,26.47797395881501,90.5533186884679
801621,Abhayapuri,Bongaigaon,26.33181402491069,90.65151525847212
298913,Saidpur Pt II,Cachar,24.93684029486576,92.4911834609512
298918,Chandi Nagar Pt III,Cachar,24.914536296143915,92.51534688883798
298922,Hari Nagar Pt I,Cachar,24.90652831120488,92.49468883849292
298925,Hari Nagar Pt III,Cachar,24.887359944455124,92.50101766624414
298926,Hari Nagar Pt IV,Cachar,24.90430870812028,92.50382975984836
298936,Lahamali,Cachar,24.88837782945202,92.5479623209384
298937,Jagadishpur Pt V,Cachar,24.90054205787204,92.55004185598482
298940,Jagadishpur Pt III,Cachar,24.915354153989707,92.56797290003688
298944,Siddeswar Pt I  (Sidheswar-I),Cachar,24.90531735203727,92.58382629671294
298948,Gobindapur Pt I,Cachar,24.90669322503405,92.62107516521468
298954,Panch Gram,Cachar,24.879504980506766,92.61240966575347
298955,Sibnarain Pur,Cachar,24.880225911097373,92.62179728216148
298959,Kalinagar,Cachar,24.87040693976187,92.61521288183604
298967,Dudpur Pt II,Cachar,24.86109152083002,92.6713058745914
298969,Ganirgram Pt I,Cachar,24.84181253765344,92.65713350305322
298971,Ganirgram Pt III,Cachar,24.85141338115317,92.6810549668967
298975,Bhangerpar Pt III,Cachar,24.90669118340506,92.65385478678206
298979,Chandpur Pt II,Cachar,24.88555117401669,92.68092993163104
298983,Buribali Pt I,Cachar,24.882781213814383,92.70311561931378
298989,Sunapur Pt II,Cachar,24.944262363164,92.6933638614463
298995,Natanpur Grant,Cachar,25.008339457408248,92.42786895942773
298996,Karaballe Grant,Cachar,25.003613548983537,92.44005982369328
299001,Niz-Jalalpur Pt II,Cachar,24.977191661731865,92.43250594426256
299012,Mahadevpur Pt I,Cachar,24.98234625306498,92.46623000540596
299015,Mahadevpur Pt IV,Cachar,24.96511513836479,92.47792294038528
299016,Saraspur,Cachar,24.972310337234468,92.49179854239846
299017,Talkar Beel,Cachar,24.98159081769824,92.48100232421736
299028,Bhitorgul,Cachar,24.9931274821894,92.54314575902058
299047,Isacherra Mikir Punjee,Cachar,25.06700095973057,92.54274053925305
299049,Bhairabpur Pt II,Cachar,24.94526584414232,92.53544493370808
299050,Bhairabpur Pt III,Cachar,24.93876652362064,92.54515030126832
299052,Digabar Grant,Cachar,24.94737111882405,92.55301755732964
299054,Bhairabpur Pt V,Cachar,24.963792336524502,92.55251389914586
299056,Brahman Gram,Cachar,24.973381280766635,92.5642085253048
299057,Saligram  (Choligram),Cachar,24.98322349529017,92.56647648384404
299067,Karkari Pt III,Cachar,24.968136542277293,92.6101212822815
299070,Dumkar,Cachar,24.968825882322086,92.58278065760878
299080,Baraitoli Pt II,Cachar,24.94230582436657,92.56693228213724
299084,Rajagarh Khasia Punjee,Cachar,25.02053991840335,92.45457452203698
299087,Singduar Khasia Punjee,Cachar,25.02741427962896,92.52030160581572
299088,Ailatal Khasia Punjee,Cachar,25.03421287743065,92.49857992550614
299091,Sailtadahar Khasia Punjee,Cachar,25.04435475335493,92.6412442576397
299096,Bhauripara Pt II,Cachar,25.004070752986934,92.68650504933206
299101,Gora Gram,Cachar,24.952707480510405,92.665459879659
299103,Sewti Pt II,Cachar,24.927158666715425,92.64426424490274
299104,Sewti Pt III,Cachar,24.93931513899852,92.64916240353855
299114,Burunga Pt IV,Cachar,24.92716267034934,92.59839202401392
299123,Oldoor Basti  (Oldjuhar Basti),Cachar,25.074397935928733,92.68929896002936
299124,Kayang Pur,Cachar,25.07131416146824,92.68052284916692
299125,Laljar,Cachar,25.06505481490808,92.67672666996788
299129,Un-Survey Kaminipur,Cachar,25.01704033100585,92.67881186269668
299131,Katirail T.E.,Cachar,24.91878271335996,92.58974164035028
299158,Barabond,Cachar,24.94376861091777,92.81205009386711
299160,Abongchara Grant Pt I,Cachar,24.947977328555712,92.79027446832812
299164,Anwarpur,Cachar,24.945862822681697,92.74812945027352
299166,Niz-Borkhola Pt I,Cachar,24.93376547440017,92.74017302231312
299174,Chutra Sangan,Cachar,24.91618516087087,92.71950564881368
299179,Rampur,Cachar,24.92423664918468,92.75842237180262
299183,Boro Rampur Garden,Cachar,24.9121778493034,92.78008765563165
299184,Kalinagar Garden,Cachar,24.90474453524005,92.76962701562172
299191,Dubag,Cachar,24.8883041323725,92.7270472700801
299194,Niz-Joynagar,Cachar,24.88044267781535,92.72683059493204
299197,Masimpur Bagicha,Cachar,24.87132563026241,92.767006414921
299200,Kharil Bagicha,Cachar,24.90230771985233,92.7868979200138
299203,Borodudhpatil Grant,Cachar,24.905060973186657,92.84898217938178
299211,Masimpur Pt I  (Maohimpur),Cachar,24.87028150681586,92.75616982019154
299214,Purandarpur,Cachar,24.88101507454885,92.73651462418204
299221,Hatirhar Pt II,Cachar,24.84010942559568,92.6991513935911
299229,Srikona Pt I,Cachar,24.843605659808887,92.71802774101236
299230,Tarapur Pt II,Cachar,24.83854762435102,92.73937817297798
299241,Rongpur Pt II,Cachar,24.83876876213879,92.84120388193128
299259,Bangalaghat Pt II  (Bagaighat),Cachar,24.815734409077987,92.7339868349102
299260,Bajantipur Pt I,Cachar,24.81148633184444,92.7425307167146
299265,Berenga Pt IV,Cachar,24.827062396008376,92.83543277098354
299266,Berenga Pt V,Cachar,24.827582188147684,92.8513114827024
299271,Ambicapur Pt VII,Cachar,24.797292084252632,92.7731567591156
299272,Ambicapur Pt II,Cachar,24.80532722027772,92.76039934317195
299277,Alambag,Cachar,24.76953528143357,92.68312834819623
299285,Ambicapur Pt V,Cachar,24.78090935638737,92.76520817580766
299287,Uttar Krishnapur Pt II,Cachar,24.77974876480732,92.81257068805712
299293,Borakhai Grant,Cachar,24.749176490090296,92.78384806412288
299304,Chibitabichia Pt X,Cachar,24.7094662477182,92.68496779365442
299311,Menipur Pt I,Cachar,24.713392310189963,92.82456066940766
299318,Clever House Pt I,Cachar,24.674512818226155,92.79430014681078
299325,Ratanpur Pt II,Cachar,24.668330765673,92.67751873158925
299327,Choto Jalenga Grant,Cachar,24.65263927797585,92.70432468985194
299343,Gopinathpur T.E.,Cachar,24.623961803803866,92.78459994620437
299344,Gopinathpur Khasia Punji,Cachar,24.626000525843647,92.7964454403038
299346,Taranathpur Pt II,Cachar,24.624329960581417,92.76807895070294
299354,Duarbond Grant,Cachar,24.62567878538391,92.70223293419556
299366,Old Bagbahar,Cachar,24.58553972606736,92.70416666407316
299384,Uttar Krishnapur Pt III,Cachar,24.771797707198463,92.79649123016752
299386,Kanakpur Pt. II,Cachar,24.80328804934841,92.8039208256201
299389,Uttar Krishnapur Pt. I,Cachar,24.78638391967168,92.799230523148
299390,Tarapur VII,Cachar,24.8407530574366,92.77827302576384
299396,Amaranagar T.E.,Cachar,24.980225853797645,92.87995061234126
299399,Nuton Suka Punji,Cachar,24.97770086928255,92.90046419412413
299401,Soraipur,Cachar,24.976123760106063,92.91449809205425
299403,Taligram,Cachar,24.94975790541818,92.9276354652911
299406,Digartali Gram,Cachar,24.94508562553581,92.942193491715
299409,Natsul,Cachar,24.97613508037974,92.97283152096593
299428,Digar Khaspur,Cachar,24.905637164539524,92.96714949364582
299438,Larsingpar Basti,Cachar,24.92482084575296,92.88346617707516
299440,Jhapirbond Pt II,Cachar,24.901455286655327,92.86288713759669
299444,Majargram Grant,Cachar,24.885715939262617,92.94031315625358
299476,Katlir Punji,Cachar,25.00513740340164,92.87547629682734
299478,Atik Punji,Cachar,25.003933084822453,92.90987351537102
299485,Lailong Chara Punji,Cachar,24.998030462113263,92.99443320539184
299489,Akai Punji,Cachar,25.000486373057488,93.01712489385336
299491,Changsu Punji  (Chanshu Punji),Cachar,24.9903459111448,92.9316687673942
299501,Dhanehari Pt I,Cachar,24.75360053129068,92.85729847674916
299502,Satkarakandi Pt I,Cachar,24.76082841342276,92.8722354626208
299505,Satkarakandi Pt II,Cachar,24.746756255461538,92.86382655543996
299509,Saidpur Pt V,Cachar,24.73258883181389,92.821220365416
299515,Tulargram Pt II,Cachar,24.73778491831053,92.89739346123686
299517,Rangirghat Pt I,Cachar,24.732389524401555,92.89769941228664
299518,Nutanramnagar Pt II,Cachar,24.72754877718888,92.96348918291098
299524,Gobindanagar Pt II,Cachar,24.724226498861423,92.90917104163954
299526,Gobindanagar Pt I,Cachar,24.719383537125086,92.93025254850996
299543,Sundari Pt I,Cachar,24.66338443686475,92.88965163057688
299544,Bidrohipar,Cachar,24.665673683446123,92.89804031260948
299551,Didarkosh Pt II,Cachar,24.65703484405568,92.94653601859258
299554,Ganganagar Pt III,Cachar,24.631406734868264,92.94763371601418
299559,Ganganagar Pt VII,Cachar,24.62206808610627,92.98151261230646
299563,Ganganagar Pt IX,Cachar,24.61026946273565,92.98521794555032
299570,Bhubankhal,Cachar,24.57511863937101,92.98068846738036
299571,Rammaniayapur,Cachar,24.57924511861726,92.96335172314224
299584,Unsurvey Bhubannagar,Cachar,24.65969863331488,92.99169534303417
299588,Thankimnagar Pt II,Cachar,24.63506058154774,92.96885451749442
299592,Rukni Pt I  (Rukhi Pt I),Cachar,24.661499227805862,92.8777482618658
299594,Punirmukh,Cachar,24.64622296700089,92.86991995412244
299595,Rukni T.E.,Cachar,24.62414397032842,92.88837260832904
299604,Bhubandahar Pt I,Cachar,24.58806373190935,92.87768865277106
299605,Rukni Pt III,Cachar,24.636792402238783,92.90188713419884
299606,Rukni Pt IV,Cachar,24.62350256101842,92.9111530918949
299609,Katanpur Grant,Cachar,24.564138203501592,92.93609972708975
299611,Kajidahar Pt III,Cachar,24.7123876362261,92.8367705306438
299618,Nagdirgram Pt II,Cachar,24.68719400610144,92.86593270605267
299630,Jibangram,Cachar,24.56140924549045,92.86309292654067
299631,Tilanagar,Cachar,24.55823839158608,92.8500129958783
299645,Howaithang,Cachar,24.53253800582615,92.80505007912956
299648,Aradhanpur,Cachar,24.519530775058584,92.81618797491382
299653,Mathurapur,Cachar,24.543203422495324,92.86888396741324
299670,Khulichora F.V.,Cachar,24.503495323818942,92.79596388841456
299675,Kalahawar F.V.,Cachar,24.471077133425485,92.85396720454608
299676,Dhalakhal F.V.,Cachar,24.45275835139566,92.84063030108224
299679,Garultala F.V.,Cachar,24.480000103672,92.81552633145776
299680,Bishnupur F.V.,Cachar,24.461844762362084,92.81977447671268
299693,Jamirkhal F.V.,Cachar,24.49288034946269,92.83189475733448
299698,Hathikhal F.V.,Cachar,24.52901040484465,92.92734236169196
299701,Napitkhal Panjum F.V.,Cachar,24.50719724386113,92.82842142478712
299704,Satkarakandi,Cachar,24.490844247170106,92.8916499880997
299712,Gamalpur,Cachar,24.51361839936706,92.88182797108294
299726,Gobindapur Pt II,Cachar,24.778288008566573,92.88974075233924
299732,Singerbond Pt II,Cachar,24.79265579369473,92.92374812758668
299733,Singerbond Pt III,Cachar,24.7997804357861,92.93698370487442
299734,Singerbond Pt IV,Cachar,24.78769967251096,92.94752153839028
299737,Sibpur Pt II,Cachar,24.76977673409417,92.91181124198611
299747,Didarkush Grant,Cachar,24.750219920362817,92.97777315190312
299757,Kamranga Bond Pt II,Cachar,24.851257651462443,93.0460731537602
299762,Salamatpur Pt II,Cachar,24.882789610670592,93.01416863875806
299764,Thailu Cha Bagicha,Cachar,24.89765578662792,93.00573866467798
299767,Langlachera Pt II,Cachar,24.92329315448579,93.03971048808788
299774,Kanakpur Pt IV,Cachar,24.93575048071159,93.05868801101524
299780,Kanakpur Pt I,Cachar,24.878033600739045,93.07203279743064
299783,Dikcha Grant,Cachar,24.85990474925783,93.0707811357716
299784,U.S. Dikcha Basti,Cachar,24.84422841679607,93.06832422050572
299785,U.S. Budhan Nagar,Cachar,24.848922377968183,93.06731580745856
299786,Budhan Nagar,Cachar,24.863038572819875,93.083470381262
299800,Digli Grant,Cachar,24.862805479225194,93.14015423814344
299801,Diglang Phailen Punji,Cachar,24.91123584830543,93.17569560501715
299806,Harinagar,Cachar,24.925626372475573,93.13126607468186
299818,Purba Kumachara,Cachar,24.94066039871197,93.14226671592738
299826,Baigajigni  (Balgagni),Cachar,24.961092144263286,93.11298527866184
299828,Thipunagar,Cachar,24.93108966218485,93.10080291233028
299835,Jinam Paithe Punji,Cachar,24.996493495758763,93.15116693463564
299848,Monipur Kitta Uttar Sonapur,Cachar,24.852925805733605,92.96907082742624
299849,Alipur Cha Bagicha,Cachar,24.850221662853706,92.95665755293987
299852,Monipur Kitta Dakshin Sonapur,Cachar,24.82019338094024,92.95720282080742
299867,Lalang Pt III,Cachar,24.818677380540308,92.98925461470937
299882,Lalang Kitta Labocpar Pt V,Cachar,24.81279476913325,93.02826502555573
299885,Cherenga Punji,Cachar,24.8262276292334,93.04601452890446
299893,Umed Nagar,Cachar,24.82277501402724,93.10125790037002
299894,Makhan Nagar,Cachar,24.830312070694863,93.10155378703112
299896,Jirighat Cha Bagicha Pt I,Cachar,24.79798298004038,93.1009198101918
299901,Banadurpur Cha Bagicha,Cachar,24.833045058976808,93.1372890763642
299907,Natun Fulertol,Cachar,24.77760125069407,93.03746638867324
299910,Dakhin Fulertol,Cachar,24.76162480987774,93.03787514132782
299911,Alni Grant,Cachar,24.738712465207144,93.05565850955982
299912,Singer Bond Pt V,Cachar,24.7868131972535,92.97239558811232
299913,Kaptanpur Pt III,Cachar,24.776067802837662,92.96503682529152
299925,Roberpur,Cachar,24.77269205844364,93.01394316480392
299933,Boaligrant,Cachar,24.689699317878464,92.96639207254852
299935,Machkhal Pt I,Cachar,24.685269678281283,92.99873068666813
299938,Ulai Punji,Cachar,24.71017573945406,93.00492088686696
299942,Naraindhar T.E.,Cachar,24.71985563335919,93.06844042202084
299948,Lalangkitta Labocpar Pt II,Cachar,24.826868855544834,93.01330742696976
299951,Lakhichera F.V. Pt I,Cachar,24.82712660446695,93.18208724479877
299963,Chandikhal F.V.  (Chandghat Fv),Cachar,24.48116235062414,93.03172208703266
299967,Saisel Punji,Cachar,24.82657488996248,93.0647323871471
304783,Barangabari,Darrang,26.55160344860664,91.826607268966
304784,Salaipara,Darrang,26.53291472958162,91.83931883255488
304787,Borora Khat,Darrang,26.5690735744385,91.84734340724518
304789,Mahtali,Darrang,26.491136146932785,91.79445082961784
304790,Hangalpara,Darrang,26.457821925067748,91.78486514445376
304791,Borigaon,Darrang,26.45135798838457,91.77340983764988
304798,Bishnupur,Darrang,26.41480719415768,91.8069486188142
304799,Burhagaon,Darrang,26.42386385320209,91.79484192713362
304800,Padmajhar,Darrang,26.428523221725307,91.80968379380552
304801,Barpathar,Darrang,26.44027502297646,91.80941875264064
304804,Salikajhar,Darrang,26.44126360042417,91.78419883106336
304805,Jayapur,Darrang,26.455273690307035,91.7982791979518
304809,Hussain Chuburi,Darrang,26.48876652135109,91.81802061797
304812,Ghavara,Darrang,26.45675484503933,91.81717553983854
304813,Duni,Darrang,26.44861658076292,91.82325080740831
304816,Naopota,Darrang,26.405640807311897,91.823792645633
304818,Chamukha Dol,Darrang,26.394965143319062,91.83095354302218
304823,Maharipara,Darrang,26.449721470589875,91.83823648480484
304825,Dagiapara,Darrang,26.463057911850488,91.84608218473358
304828,Khatara,Darrang,26.4623942413242,91.86329187767603
304835,Alikhapara,Darrang,26.44004246891224,91.87488566868078
304845,Niz-Sarabari,Darrang,26.53219566057624,91.8541979837056
304846,Sakiapara,Darrang,26.5290361221666,91.86862401886576
304848,Sanapatipara  (Sentipukhuri),Darrang,26.523717298595525,91.8947472942005
304853,Potapukhuri,Darrang,26.483440229751707,91.90070128665845
304856,Athkuria,Darrang,26.45744596853035,91.90287846554143
304857,Patharighat,Darrang,26.44693523092029,91.89685491650248
304858,Ramraipara,Darrang,26.446551010970115,91.91077430656264
304859,Hirapara,Darrang,26.47322362514439,91.91246229217528
304860,Bareri,Darrang,26.49222936847436,91.90802864025854
304862,Kumarpara,Darrang,26.49383458029965,91.94614454360652
304869,No.2 Chengapara,Darrang,26.428783149080687,91.92174641932128
304875,Hatimuria  (46 Hatimuria),Darrang,26.351085039258383,91.92305387855696
304878,Satkhali,Darrang,26.351099704346,91.94598482273096
304879,Ruparikash,Darrang,26.33610886417445,91.94624590399047
304881,Cholardal,Darrang,26.33502572721115,91.92344142525944
304886,Naljhahi,Darrang,26.30946382003776,91.92336262561282
304887,Kamarchuba,Darrang,26.3090160958032,91.90664858641412
304889,Sanowa,Darrang,26.323760723112567,91.9043084200159
304890,Niz Salmara,Darrang,26.29629962092165,91.89642252561558
304893,Majar Chuba No.1,Darrang,26.30753318540244,91.88858509075057
304897,Gandhia Pathar,Darrang,26.26822113769191,91.8532498780691
304899,Khatar Pathar,Darrang,26.25477757526051,91.84767012877587
304900,Upper Kuruwa,Darrang,26.240632686987777,91.83257974065678
304902,K. Kuruwa  (Kuruwagaon),Darrang,26.25439383546785,91.86695409612972
304903,Phuhuratali,Darrang,26.274644130438016,91.87710210419448
304904,Kira Kara N.C.,Darrang,26.25238849339987,91.90604371691676
304906,Pachim Kuruah,Darrang,26.24413146940528,91.7999398338389
304907,Dakhin Kuruah,Darrang,26.23358644939232,91.80555227984978
304924,Majar Chuba  (Majar Chuba No.2),Darrang,26.29831905821548,91.82273429127711
304930,Chotoathiabari,Darrang,26.423285275421,91.96456639171008
304931,Pakabangipara,Darrang,26.403678596157683,91.95392690807856
304932,Satmadar,Darrang,26.39110725578721,91.9578274038406
304936,Debananda Satra,Darrang,26.368219099982404,91.96745919856636
304945,Khatikuchi,Darrang,26.39569483400455,91.86578712109936
304947,Duari Para,Darrang,26.40126793744897,91.85191207053454
304951,Patgirichuba,Darrang,26.37606964418545,91.82381710729804
304954,Haldha,Darrang,26.38259051989216,91.79919578607408
304955,Maijali,Darrang,26.37120717581878,91.80953241045832
304956,Dumunichoki,Darrang,26.34509076831156,91.83212236425184
304960,Singmari,Darrang,26.33643600955761,91.86079331509532
304962,Punia,Darrang,26.36248757042373,91.87496744760976
304964,Narikali,Darrang,26.346760971728987,91.8792164030893
304965,Bhotardal,Darrang,26.34390351822244,91.8990871909763
304969,Kachomari,Darrang,26.504546168254976,92.01761694537016
304972,Dewanagaon,Darrang,26.50017386216296,92.02794935664988
304973,Barangabari,Darrang,26.48403786179636,92.02579316750275
304974,Daha Chuburi,Darrang,26.49111551430332,92.01273737496842
304980,Chamuapara,Darrang,26.4747865419432,92.01034844230271
304984,Gadhiapara,Darrang,26.47070544773329,92.04683368879368
304987,Medhipara,Darrang,26.45794066923544,92.04579471617524
304991,Choto Athiabari,Darrang,26.42766971582474,91.98637262082516
304992,Patalsingpara,Darrang,26.411476347502607,91.96799187603963
304993,Na-Hawli,Darrang,26.4312881770997,91.99833839249024
304994,Gakhir Khowa Para,Darrang,26.44418078552017,91.99339507161774
304998,Ganak Para,Darrang,26.43670500399452,91.96253805050388
305001,Baranga Bari,Darrang,26.44774393093023,91.93657685587247
305007,Gariapara,Darrang,26.47520861367861,91.97613181477992
305010,Choto Nagaon,Darrang,26.39248248701272,91.9694136040651
305011,Barthekera Bari,Darrang,26.381835359823043,91.97327596998812
305012,Garkhowa Para,Darrang,26.381042422974787,91.98277923387276
305013,Bhaluk Khowa Para,Darrang,26.3888801939005,91.9811854925292
305015,Niz Rangamari,Darrang,26.37873669112115,91.99205480231076
305019,Ghatua Para,Darrang,26.40536539418737,91.98257944843331
305020,Bainaojha Para,Darrang,26.4125736996531,91.98250938096282
305028,Hengerajhar,Darrang,26.4650114797686,92.01898389011237
305032,Mohanpur,Darrang,26.453629960354583,92.02606451485192
305035,No.1 Bezpara,Darrang,26.433519531859822,92.01121649522658
305038,No.2 Ghotarah Chapori,Darrang,26.322230386977107,91.97221755145804
305039,No.1 Rowmari,Darrang,26.317496492159496,91.96995647136984
305047,No.3 Borolekhaiti,Darrang,26.344028015385742,92.03164138117444
305049,No.1 Bhokelimara Chapori,Darrang,26.34208752494545,91.98853361899928
305050,No.2 Bhokelimara Chapori,Darrang,26.33346841413708,91.99427022236476
305052,No.2 Bangalpota,Darrang,26.35861085665988,92.0168426261502
305056,Dalgaon Grant,Darrang,26.558756744785864,92.06238789617365
305058,Chalani Kuchi,Darrang,26.556104349325302,92.04746434529746
305063,Bandia Chapori,Darrang,26.4514421382185,92.08345733153688
305066,Chereng Chapori,Darrang,26.383262788484977,92.02148455753702
305067,Mowamari,Darrang,26.409375373740865,92.03998453109382
305069,No.1 Chaulkhowa,Darrang,26.354855102759103,92.04768915178826
305075,N.C. No.4 Nanglichar,Darrang,26.38541762605296,92.08969053526624
305079,N.C. Kayamari,Darrang,26.376383386345807,92.07212857071752
305084,N.C. Mirgamari,Darrang,26.334730567995727,92.04903839094324
305086,N.C. Chatihara,Darrang,26.42232377064619,92.15018012455484
305088,No.2 Nanglichar N.C.,Darrang,26.390433836710613,92.12339947970226
305089,Puthimari N.C.,Darrang,26.353678489604853,92.0947005241646
305090,Bantabu N.C.,Darrang,26.352577085059465,92.0611902937823
305096,Bechimari,Darrang,26.504030720574903,91.97172222415698
305102,Hatipori,Darrang,26.40551533809868,92.05478202688292
305103,Misamari,Darrang,26.3832977044351,92.04670306299154
305106,Kachari Para,Darrang,26.55455633567364,91.91888715510692
305107,Kawaimari,Darrang,26.55996284897492,91.90290702892682
305108,Hapamara,Darrang,26.53525889193304,91.88930319342754
305109,Bhakat Para,Darrang,26.54675727982678,91.894004866799
305110,Kaith Para,Darrang,26.547065391500745,91.90541810917934
305111,Balipota,Darrang,26.535533386116697,91.92253200303728
305112,Lakhimpur,Darrang,26.53080807249962,91.9081519380738
305113,Jhakuapara,Darrang,26.51638138265569,91.91786198562733
305116,Bagharbari,Darrang,26.50561522219873,91.93330553575323
305117,Pariapara,Darrang,26.50976323242852,91.9442639722767
305119,Dakhin Bokrajhar,Darrang,26.53197176036948,91.9496542817322
305120,Neog Para,Darrang,26.518164557508403,91.95683669240718
305121,Durga Gaon,Darrang,26.51734187249129,91.97184246678518
305124,Kamarpara,Darrang,26.531393750695024,91.98282591451604
305125,Akalibari,Darrang,26.52168874168709,91.98158372327872
305126,Bahjani,Darrang,26.523387211174995,91.9961123360848
305129,Barkala Khas,Darrang,26.53425211615165,92.02380843397466
305131,Barkala Bagicha,Darrang,26.56027276888185,92.0237393380552
305134,Kawadanga,Darrang,26.584041660906948,92.0415388677346
305139,Chenibari,Darrang,26.61683069814974,92.062864611812
305144,Dhansiri Kash,Darrang,26.62046040622991,92.09919526604595
305147,Mauchitha Gasor Gor,Darrang,26.61719705822926,92.11378554682857
305151,Panbari Gaon,Darrang,26.60217744975884,92.08388075773364
305152,Kadamtala Bagicha,Darrang,26.593580847157533,92.084381586021
305153,Raja Pukhuri Habi,Darrang,26.59422295057981,92.07285387617394
305158,Batabari,Darrang,26.52411000363212,92.08564003586184
305160,Niz Shyamabari,Darrang,26.50751352400705,92.08031966439164
305162,No.2 Mazgaon,Darrang,26.482304256709853,92.07868230010536
305163,Hirapara,Darrang,26.484652139228032,92.08988446465746
305164,Balabari,Darrang,26.500525904480504,92.0956180568289
305167,No.3 Thekerabari,Darrang,26.512286620919337,92.1226897409436
305169,Niz Kharupetia,Darrang,26.51069428536425,92.1290110702886
305174,Atakata Chapori,Darrang,26.48185334611613,92.11935819832772
305177,Gelaidingi,Darrang,26.46092171186403,92.07029585032132
305183,Gorapari Nispi,Darrang,26.44670908364121,92.11854533346352
305188,No.1 Magurmari,Darrang,26.45215296818284,92.1342577312829
305191,No.1 Kharupetia,Darrang,26.473119228227084,92.13833772976264
305194,Ganakar Mati,Darrang,26.49046352109757,92.13436076039318
305195,Baigurmari,Darrang,26.50334391915333,92.14236836635465
305196,Dalgaon Town,Darrang,26.561040157376816,92.21121784850864
305199,Niz Dalgaon,Darrang,26.578130066266112,92.21086928326376
305200,No.1 Borgara Khuti,Darrang,26.58785437734938,92.22368798465212
305204,Chikonmati Bagicha,Darrang,26.609426648889627,92.20111774641514
305205,Bechimari Jangle,Darrang,26.61822968883303,92.1959054391807
305208,No.3 Madhabgohain,Darrang,26.62343506439732,92.21387508745406
305210,Borgora Bagicha,Darrang,26.61341405078989,92.22594521481275
305211,Pakoribari,Darrang,26.61814420214732,92.27306393817726
305212,No.2 Barjhar,Darrang,26.631963585312786,92.2793562406342
305219,Na-mati Gaon,Darrang,26.63421843970536,92.1461044620812
305224,Alisinga Janghal,Darrang,26.65150250673548,92.17057035907132
305225,Madhupur,Darrang,26.65929359645392,92.17641181456644
305226,Borghulee,Darrang,26.667386487813484,92.17696945969452
305231,Baligaon,Darrang,26.64019220928073,92.16101759836396
305233,Bechimari,Darrang,26.6249034566294,92.18338484358851
305236,No.4 Baruajhar,Darrang,26.607364638560504,92.16737675356882
305241,Kakal Bhangi Jogi Gaon,Darrang,26.581151807563742,92.19353034234146
305245,Sarichabari,Darrang,26.57484295246823,92.16936997483631
305247,Mazgaon No.1,Darrang,26.634246616621564,92.11384222287232
305253,No.3 Galandikash,Darrang,26.579853682864503,92.12072664307534
305255,No.2 Galandikash,Darrang,26.58797084887312,92.12066276732966
305262,No.2 Mollapara,Darrang,26.57846954463024,92.1363938063566
305264,No.4 Arimari,Darrang,26.49101290943437,92.17443266650876
305269,No.2 Arimari,Darrang,26.5124070787862,92.1818064122626
305272,Kasomarichar  (Kachomari),Darrang,26.521661121337107,92.18825495252922
305273,Ruhinikhuti,Darrang,26.531896691057884,92.19121235785654
305277,Kasomarichapari,Darrang,26.5416833752696,92.24176563483245
305280,Kacharipara Jangal,Darrang,26.548699746782145,92.21532398976936
305282,Nowrachisa  (Naorasisa),Darrang,26.601706910089217,92.27346333092254
305286,No.2 Sialmarikhuti,Darrang,26.54085439230403,92.21856364653472
305291,Kasomari Sonaribasti,Darrang,26.548264288243168,92.25125413081592
305294,Rangagarakhuti,Darrang,26.574862763797785,92.26740077292504
305297,Rangagarapathar,Darrang,26.590044716326524,92.29462639759664
305300,Koupatigaon,Darrang,26.61245314632142,92.31258922407166
305306,Bhabapur,Darrang,26.55315049631569,92.27849599896058
305307,No.4 Silamarikhuti,Darrang,26.54604982842352,92.26810271685018
305308,Kasomari Nepali,Darrang,26.535191385098468,92.2611188131912
305311,Rowmari,Darrang,26.5125632074558,92.24125870884562
305314,No.1 Shyampurchapari,Darrang,26.50856576024004,92.223618262095
305316,Baralimari N.C.,Darrang,26.46098770125639,92.17213517026106
305317,Sitalmari N.C.,Darrang,26.46387065349734,92.22356962032308
305324,Kaharpara,Darrang,26.55588978163812,92.15432991283186
305326,Niz Baruajhar,Darrang,26.55689736119324,92.12595477235112
305327,No.1 Puniagaon,Darrang,26.55928564207478,92.1173923292041
305328,No.2 Puniagaon,Darrang,26.54273029242092,92.11546296212288
305329,Ghenamari,Darrang,26.523950945578203,92.11597273030984
305331,Bhotpukhuri,Darrang,26.541085741124427,92.1285821531114
305334,Niz Nagazan,Darrang,26.539470981157727,92.15447171062608
305338,Burigaon,Darrang,26.547960852856,92.18510018972955
305342,Nagazani,Darrang,26.52867826344917,92.15339603886498
801631,Kharupatia,Darrang,26.517546224371443,92.14834647707694
0,Unnamed Habitation,Dhemaji,27.583301040094256,94.26274429560137
288572,Jhuri,Dhemaji,27.550237648667487,94.49599795540097
288598,Jiadhal Miri Pathar,Dhemaji,27.503288358564376,94.50033591452969
288600,Jamuguri Miri,Dhemaji,27.508440583439047,94.52017913606318
288607,Jiadhal Pgr,Dhemaji,27.467162907208746,94.47354221271245
288619,Hechuli Pam,Dhemaji,27.43824312335828,94.50531371187978
288621,Dulung Kan,Dhemaji,27.420630325346725,94.49541544840513
288624,Tenga Pur No.2,Dhemaji,27.416041799719824,94.46332438277769
288628,Goraimari Pathar,Dhemaji,27.411972174176228,94.50471974530032
288638,Jungle Block,Dhemaji,27.38879570047917,94.44202030300718
288651,No.1 Kahikuchi,Dhemaji,27.369965375414058,94.4504462925852
288670,No.1 Laguabora,Dhemaji,27.34517249158481,94.46341664843948
288674,Rupahimiri No.2,Dhemaji,27.332599083869763,94.4623860250278
288675,Borbil,Dhemaji,27.33120406971599,94.4727729113024
288681,Ajuha Pathar,Dhemaji,27.35996556589044,94.5134402441196
288689,Karha Kan,Dhemaji,27.400710226121724,94.53312640528102
288690,No.3 Phatihabam,Dhemaji,27.404688396076164,94.54259750470516
288698,Hatipara,Dhemaji,27.40612142818045,94.51677089241858
288700,Bhereki Chuk,Dhemaji,27.4133747696998,94.51652560073524
288701,Gheyari,Dhemaji,27.421544724902407,94.51543650404044
288708,Dihingia Gaon,Dhemaji,27.44767832281761,94.5178891051339
288721,Dighalimukh,Dhemaji,27.490786826033023,94.54162643882222
288729,Bebejia,Dhemaji,27.51095554880267,94.5518638973017
288742,Borajan Adi,Dhemaji,27.598767278412804,94.55653419796204
288767,Era Dhal,Dhemaji,27.461677260439423,94.51252489602486
288770,Bharali Chuk,Dhemaji,27.461683264012134,94.54874289995487
288777,4 No. Ghilaguri,Dhemaji,27.51027321991948,94.58838809011668
288781,Kalpanapur,Dhemaji,27.524743279413155,94.60658002147082
288796,Singari Bil,Dhemaji,27.493478540683,94.59940319824383
288801,Amguri Jamuguri,Dhemaji,27.48216877359188,94.60529035019847
288802,Pabhamari Pathar,Dhemaji,27.475316234760104,94.59640676919032
288809,Hiloidari Block,Dhemaji,27.45769883199199,94.57509227012804
288810,Dusutimukh Miri Pathar,Dhemaji,27.45540316418397,94.587119439963
288812,Kowaphala Habi,Dhemaji,27.450740810304502,94.57492825528271
288814,Bhehpara,Dhemaji,27.455943250981303,94.5585539992424
288823,Botua Mukh Miri,Dhemaji,27.42479714415208,94.58413866830652
288827,Santipur Bokhi Gaon,Dhemaji,27.558535111230714,94.4919699869555
288832,Ranganadi Baligaon,Dhemaji,27.551849876839217,94.51187224745108
288835,Shantipur Majgaon,Dhemaji,27.560452584150696,94.5315081364084
288842,Shantipur Nagaon,Dhemaji,27.53216293286714,94.50690598376232
288848,No.2 Ramya Pur,Dhemaji,27.59609131732096,94.62582609258084
288853,Nilakh Borbam Gaon,Dhemaji,27.603603954546173,94.66723460940482
288854,No.1 Borpathar Gohain  (Part),Dhemaji,27.61066461633772,94.7016673425363
288856,Phulbari Asomia  (Part),Dhemaji,27.612827232499143,94.74945369586928
288865,Gamiri Gaon,Dhemaji,27.58899909306016,94.63479897519431
288880,No.2 Betanipam,Dhemaji,27.584341076496948,94.69647680058677
288895,No.2 Siripani Deori,Dhemaji,27.55189098928182,94.62863548344006
288896,Siripani Ahom Gaon,Dhemaji,27.564765818032555,94.63522790097775
288898,Gutung Kapahtali,Dhemaji,27.558384820093604,94.626708960304
288901,Da-Kamchi,Dhemaji,27.549503571854235,94.62108536953971
288911,Kulamua Gaon,Dhemaji,27.55986509003456,94.719394170389
288913,Mishing Pur,Dhemaji,27.571167749048005,94.74384294074513
288922,Akajan Bangali,Dhemaji,27.55955538741664,94.74276517956773
288925,Bormuria Deori,Dhemaji,27.5488901783892,94.72838289323856
288948,Dhunia Pukhuri,Dhemaji,27.52579012250381,94.67364801942948
288959,Kulajan Gaon,Dhemaji,27.51590879308908,94.72611818426395
288962,Buri Suti Deori,Dhemaji,27.51010406606846,94.74972234527074
288964,Chekaimukh Borghuli,Dhemaji,27.504405997653333,94.73615995957404
288966,No.3 Piyang Chapori,Dhemaji,27.496719839461665,94.70954514749504
288968,Chumani Gaon,Dhemaji,27.513862744020788,94.65554619957646
288969,No.1 Udmara Block,Dhemaji,27.49946044291713,94.68063483494537
288977,Piyang Gaon,Dhemaji,27.48774237900677,94.70023967823272
288978,No.2 Chekai Majgaon,Dhemaji,27.486467832540853,94.7064982633626
288984,Sitalmari,Dhemaji,27.47854029225974,94.69657586440802
288991,No.1 Pati Daini,Dhemaji,27.442733512523724,94.60313132265176
288992,No.3 Amguri,Dhemaji,27.450068235007645,94.62851745736572
288996,No.2 Mechaki Tangani,Dhemaji,27.45477654482029,94.68788042472724
288999,No.1 Namgharia,Dhemaji,27.467681483743046,94.721311359914
289009,Tangani Dhunaguri,Dhemaji,27.4441742662434,94.65168610431112
289011,Hatigarh Block,Dhemaji,27.440933875958983,94.6160142977341
289023,Debera Gaon,Dhemaji,27.4077226091032,94.65369166383542
289041,No.2 Bhangidia Gaon,Dhemaji,27.38264294023925,94.64568911949242
289042,Bhangidia Gaon,Dhemaji,27.37972094565489,94.62881340921676
289047,Bhereki Kachamari,Dhemaji,27.370012639688845,94.61629026619394
289056,Sili Asomiya,Dhemaji,27.66635456887854,94.78381854868536
289057,Bhagwan Borgayan,Dhemaji,27.6645130327117,94.79893074437872
289058,No.2 Arsi Borgayan,Dhemaji,27.651027861313388,94.79370970430512
289064,Jalakia Suti,Dhemaji,27.62443732732528,94.77554653496163
289068,No.2 Sila Block,Dhemaji,27.592937342241648,94.77490957006827
289071,No.2 Santipur Borgayan,Dhemaji,27.687506942177688,94.86056526896304
289073,Dijmur Miri,Dhemaji,27.67950219369736,94.8874159928965
289074,Bukajan Gaon,Dhemaji,27.682302013089803,94.90259154589609
289077,Lama Pale,Dhemaji,27.66914027013789,94.87700923792394
289086,Muktiar Nepali,Dhemaji,27.56377566080644,94.82637668172455
289094,No.3 Deori Ghat,Dhemaji,27.55748677265137,94.77678195657953
289103,No.3 Betani Pam,Dhemaji,27.61105424448581,94.68923321326388
289111,Likabali Alikash,Dhemaji,27.650244025428943,94.713079457921
289114,Shalakhani,Dhemaji,27.64410364700709,94.7308327834504
289116,Rampur,Dhemaji,27.58727282599165,94.75860202598535
289128,Udmara,Dhemaji,27.54460610444093,94.7133579034204
289130,No.2 Dhuna Guri,Dhemaji,27.47188716441511,94.63141547188528
289140,Bukajan Pathar,Dhemaji,27.689850851496885,94.90387323425202
289148,N0.3 Majar Bari,Dhemaji,27.65278970804561,94.86487708362256
289151,Simen Mukh,Dhemaji,27.659657784682544,94.8448031454444
289161,Dimow Bholo,Dhemaji,27.652488046059894,94.8759914724605
289164,Cilli Bijbari,Dhemaji,27.6476355569336,94.74398991843198
289168,Liche Adi,Dhemaji,27.67159627821185,94.77001796669718
289181,No.2 Nalbari,Dhemaji,27.55071083673618,94.8277352123348
289186,Kherbari Bangali,Dhemaji,27.570772132968088,94.83802513631586
289187,Bhairabpur Ashighar,Dhemaji,27.6285579722768,94.8397506702832
289213,No.2 Kaka Bari,Dhemaji,27.60916372385986,94.7932717081692
289215,Kamsi Nagaon,Dhemaji,27.517090657926417,94.61423787852556
289222,Sil Pathar Morangaon,Dhemaji,27.689261407827715,94.79544488926854
289224,Khanamukh Nepali Gaon,Dhemaji,27.673905416717805,94.77658589166872
289238,Dimow Dem Gaon,Dhemaji,27.717146319127647,94.8744624360804
289251,Hosong,Dhemaji,27.72482697257069,94.94389588487854
289255,Bokajan,Dhemaji,27.722236786782112,94.94109152923662
289259,Bej Guri,Dhemaji,27.70816083924858,94.92826714164032
289260,No.2 Bali Gaon,Dhemaji,27.712394836601263,94.9367364035665
289274,Namkir Pathar No.1,Dhemaji,27.737578247154843,94.97278619678076
289276,Naharani  (No.3 Mahanpur),Dhemaji,27.73751600545444,94.96599743552082
289278,Dekapam Naharani,Dhemaji,27.72782777109026,94.96383359166182
289287,Zaglung Boro,Dhemaji,27.70861027355244,94.97039999532772
289289,Samkong Paguri,Dhemaji,27.702776734820777,94.95298287030585
289292,Rangpuria,Dhemaji,27.71790729890388,94.94080815345504
289293,Hazong Gaon,Dhemaji,27.67878081440727,94.9318426725423
289297,Pakari,Dhemaji,27.65836486423913,94.90823518686928
289298,Lamajan Joypur,Dhemaji,27.652909908856884,94.92549735537304
289307,Lamajan Luguti,Dhemaji,27.66148594719531,94.93536723796748
289316,Bijoypur,Dhemaji,27.739386014992075,94.98404202942012
289337,Uluwani Jaypur,Dhemaji,27.69445258671752,95.01320618570624
289339,Burisutinalapara,Dhemaji,27.69226891915025,95.0267685544122
289342,No.1 Mahanpur,Dhemaji,27.68672340289405,95.02472219839996
289343,Uluwani Maj Gaon,Dhemaji,27.68071193882309,95.02320663847271
289358,Komanselek,Dhemaji,27.7391674021162,95.02255076197012
289369,Telem Ukha Chapori,Dhemaji,27.751196074030315,95.04875995246482
289375,No.2 Karna Pur,Dhemaji,27.67622662711748,95.1050401791944
289376,Mechaki Chapori,Dhemaji,27.69285213015964,95.09758571613264
289378,Borong Pipolguri,Dhemaji,27.69644342339524,95.11247277068595
289391,No.5 Ramdhan,Dhemaji,27.745212125817027,95.09532812835111
289393,Dikhari,Dhemaji,27.72588580557975,95.07988432884518
289394,Badhuwa Chuk,Dhemaji,27.73697730740339,95.0618468575425
289397,No.4 Ramdhan,Dhemaji,27.75520314735312,95.09307234834084
289401,Luhitpuria,Dhemaji,27.74598573125676,95.06799505875684
289405,No.1 Borati,Dhemaji,27.757893249720908,95.08115111595735
289413,Adi Tako,Dhemaji,27.794725372537616,95.0825933292484
289427,Gali Borbali Pathar,Dhemaji,27.75700209572703,95.1407273511364
289439,Jiadhal Lakhipathar,Dhemaji,27.72224513815344,95.16694552938716
289440,Mudai,Dhemaji,27.77055156028769,95.16226042534844
289444,Jonai Mukh Kutum,Dhemaji,27.72755203732403,95.20025574685788
289450,No.2 Sirampuria,Dhemaji,27.742757367032823,95.19297830653944
289461,Jonebor Gaon,Dhemaji,27.776819764119463,95.12931288309429
289477,Gali Pathar Chandrapur,Dhemaji,27.793913313047504,95.1261724158404
289478,Rajakhana Mishing,Dhemaji,27.80586507217835,95.13350624443798
289495,Jonekareng,Dhemaji,27.80611491260419,95.1508911317012
289497,No.3 Rajakhana,Dhemaji,27.81365404599053,95.14797831499423
289505,No.1 Rajakhana,Dhemaji,27.79933886250156,95.1566078093744
289513,Rangkop Deori,Dhemaji,27.77183470089451,95.17035596054887
289520,Ladanguri,Dhemaji,27.82308001768689,95.17797476620288
289525,Joyma Guri,Dhemaji,27.788548633048435,95.20989532003824
289528,Kathalguri Bihiya,Dhemaji,27.73308034802418,95.21133371327524
289541,No.1 Rayengkuli,Dhemaji,27.803932148683323,95.23160416944528
289563,Medela Kachari,Dhemaji,27.78077870632011,95.2552109832239
289593,Tea Garden  (Uriamghat),Dhemaji,27.84937462345978,95.33937278375024
289601,Ganeshpur,Dhemaji,27.83561218423472,95.379405152404
289604,Jongchar,Dhemaji,27.845423654016844,95.40557703990758
289607,No.2 Sivaguri,Dhemaji,27.81300114499732,95.39048062066364
289610,Kobuchapori South,Dhemaji,27.794717463782,95.37743421835933
289614,Mechaki Kailaali,Dhemaji,27.74920480893385,95.30315202064162
289616,Nahar Sumaimari,Dhemaji,27.80358894638177,95.17488091627672
289618,No.2 Santapur Ladan Guri,Dhemaji,27.79836351888858,95.17334625297772
289620,Kangkan Chapori,Dhemaji,27.807460536635883,95.15648185602606
289626,Deogharia,Dhemaji,27.381759509210703,94.56273025285044
289632,Arimatta Garh,Dhemaji,27.36253118449015,94.56498423654818
289634,No.3 Begena Gara,Dhemaji,27.37003988673936,94.54026139731326
289649,Durpadi Pathar,Dhemaji,27.331289042443206,94.5538616468688
289654,Deori Gaon,Dhemaji,27.34627918393833,94.6107177215573
289666,Khalihamari Salmari,Dhemaji,27.29172633805776,94.54726337542388
289677,Dirpaisantipur Gaon,Dhemaji,27.53263315093104,94.30039902037306
289691,Kangkupur,Dhemaji,27.52443943387199,94.44517947102284
289692,Sayengia,Dhemaji,27.55766393434904,94.3417529236978
289703,Dirpoi Adigaon,Dhemaji,27.575134635365448,94.4339895737359
289705,Sagum,Dhemaji,27.572691262854622,94.33029988347543
289721,No.2.Dirpai Chapari,Dhemaji,27.478150789504262,94.33325439925632
289726,No.4 Sunapur Mazi,Dhemaji,27.45069312577257,94.3208539396464
289730,Garpara Gaon,Dhemaji,27.457586923737825,94.36434819832556
289731,Garpara Pathar,Dhemaji,27.46018353880352,94.3729745025176
289734,Monipurikachari,Dhemaji,27.503546756510147,94.33596564009268
289751,Narayanpur,Dhemaji,27.52345931915569,94.4144828485761
289752,Dhansiripur Chalchali,Dhemaji,27.528525322488985,94.42226670755302
289762,Naharbari Solmari Kachari Bilpathar,Dhemaji,27.488039788396065,94.42781641956836
289767,No.2 Salmari,Dhemaji,27.477242608819587,94.420441054637
289770,Borbam Pathar,Dhemaji,27.460357186816555,94.42755391387742
289775,Maicha Gaon,Dhemaji,27.45395894141549,94.4327437949302
289783,Holowdunga,Dhemaji,27.44478098213156,94.44074535782732
289786,Kalita Gubhurial,Dhemaji,27.41771943396796,94.43170673714036
289798,No.1 Baijantipur,Dhemaji,27.507326788855167,94.40874358261038
289805,Chenia Deori,Dhemaji,27.43115350935628,94.3943660956314
289816,Bhebeli Pathar,Dhemaji,27.39548979119629,94.37133179434998
289819,Goshain Bari N.C.,Dhemaji,27.406067949125468,94.38667079451984
289820,Burhakuri N.C.,Dhemaji,27.39163942056716,94.39135398288306
289824,No.1 Block Gurathali,Dhemaji,27.38450085277365,94.41742163843196
289833,Mainapara Pathar,Dhemaji,27.439330353729066,94.36306575580856
289838,Lagasung Kachari,Dhemaji,27.41741659409382,94.32982628912316
289840,Dighali Pathar N.C.,Dhemaji,27.422934555125053,94.3423725297373
289844,No.1 Gogamukh,Dhemaji,27.402000607314104,94.34158710101406
289851,Latak,Dhemaji,27.37901059493068,94.34543258956964
289867,Bordoibambagan No.1/2 Myadi,Dhemaji,27.3408922421923,94.33969043362126
289879,Bordoibam Bangali,Dhemaji,27.34360150465337,94.351879384759
289880,Aduttengakulatalia N.C,Dhemaji,27.33130490761893,94.3213127888078
280674,Musalmanpara,Dhubri,26.338063305837345,89.86278868501526
280675,Pokalagi,Dhubri,26.345897534292973,89.85226005648649
280676,Sonaludabri,Dhubri,26.346170547875417,89.83346008766512
280681,Belguri,Dhubri,26.329859880981225,89.79048343349315
280685,Oxiguri,Dhubri,26.31613423169281,89.85997493106711
280694,Belpara,Dhubri,26.31665459802585,89.8146924858771
280715,Bidyadabri Pt.IV,Dhubri,26.26934032190197,89.81299500843465
280721,Pokalagi Pt.IV,Dhubri,26.2701757930255,89.74715492794168
280723,Lohajani,Dhubri,26.26426725497897,89.8429689745109
280730,Kherbari Pt.III,Dhubri,26.239532003904955,89.74285264337678
280736,Sonakhuli Pt.II,Dhubri,26.233472412387545,89.79985014077289
280737,Bhangaduli,Dhubri,26.225311375021487,89.8216806933099
280739,Kaldoba Pt.II,Dhubri,26.21333392589713,89.78678574614023
280750,Boromera,Dhubri,26.196974224404737,89.77624109528216
280763,Paschim Maisha Pt.II,Dhubri,26.18794480506357,89.81181684331617
280764,Jhaskal Pt.I,Dhubri,26.159343178704184,89.76597800123383
280770,Biskhowa Pt.III,Dhubri,26.11088169798296,89.77091638770936
280771,Biskhowa Pt.IV,Dhubri,26.12641145143736,89.78600398683452
280781,Mora Gadhadhar Char,Dhubri,26.223890168384973,89.84135095726928
280783,Uzanpetla Pt.I,Dhubri,26.293017849647523,89.8796893757037
280790,Kachakhana,Dhubri,26.204094708586915,89.84540489660029
280793,Dafarpur,Dhubri,26.18848469732334,89.85675908923996
280794,Dakhin Khchakhana,Dhubri,26.1817771989328,89.84337123473176
280799,Bisaindai Pt.III,Dhubri,26.16737143542566,89.8478483354359
280805,Charaikhola,Dhubri,26.150713201163352,89.83611853617838
280810,Lakhimari Pt.II,Dhubri,26.088629073389384,89.79548680083879
280817,Lalkura Pt.II,Dhubri,26.133007814042607,89.87975334040861
280829,Uttar Raipur Pt.II,Dhubri,26.13146001975399,89.85198941073715
280831,Pachim Gaikhowa Pt.III,Dhubri,26.081731321308496,89.81484856083442
280832,Pachim Tokererchara,Dhubri,26.09004493269028,89.81934641823761
280845,Dhorarghat Pt.II,Dhubri,26.102107070421933,89.89705650629921
280853,Dakhin Raipur Pt.III,Dhubri,26.10303608256225,89.85465429957524
280862,Keder Pt.II,Dhubri,26.04529532123632,89.79191776499367
280877,Burirmari,Dhubri,26.06112427464953,89.90455775016159
280880,Soulmari Pt.II,Dhubri,26.056736499107384,89.85615115905277
280881,Debattar Hasdaha Pt.I,Dhubri,26.06946701879233,89.87174814271376
280886,Chapgarh Pt.II,Dhubri,26.11770352121913,89.94082434184567
280887,Hariarkuti,Dhubri,26.11323532666003,89.93919041212136
280893,Fulkumari,Dhubri,26.09734245940972,89.9522108776297
280897,Tiamari Pt.I,Dhubri,26.0646872414748,89.96602330563684
280898,Beguntali,Dhubri,26.073294029620936,89.97263801183583
280908,Geramari Pt.I,Dhubri,26.10612792844367,90.0051596919427
280911,Shyamcharkuti Pt.I,Dhubri,26.105336461564367,89.97191269678854
280913,Darchuka Pt.I,Dhubri,26.122527688716698,89.96114626248529
280916,Alomganj Pt. VII,Dhubri,26.134509718339874,90.04751689376235
280917,Alomganj Pt.V,Dhubri,26.134142076203688,90.05348318651976
280921,Alomganj Pt.I,Dhubri,26.111517166561065,90.0333258775841
280930,Debottar Raipur Pt.III,Dhubri,26.07276207003213,90.02963509789409
280936,Baraibari Pt.II,Dhubri,26.072849324324192,90.01856636182178
280944,Kuntirchar Pt.II,Dhubri,26.03263474650549,89.98109433556242
280945,Dhubrichar,Dhubri,26.008678507747906,89.95579916440259
280950,Rowah Pt.III,Dhubri,26.04990927662845,89.933024517406
280968,Adabari Pt.I,Dhubri,26.03189556864445,89.92135161878181
280969,Kachuar Khas Pt.I,Dhubri,26.02636555259421,89.90521297719538
280974,Kismat Hasdaha Pt.II,Dhubri,26.04242479811196,89.88527946387094
280976,Dharmoshala Pt.IV,Dhubri,26.02848880420786,89.89239658909553
280978,Dharmoshala Pt.II,Dhubri,26.01304437548123,89.87573766798262
280983,Arranay,Dhubri,26.031964097251667,89.85630190139595
280984,Singimari Pt.I,Dhubri,26.02534495249095,89.86355329787911
280997,Takimari,Dhubri,25.94716691030241,89.83761448938493
281000,Patamari,Dhubri,25.94948427084206,89.86060467517295
281004,Bhagdahar,Dhubri,25.965214004447425,89.89739259396129
281008,Jangila,Dhubri,26.00478296726954,89.90343867067644
281013,Silghagri Pt.I,Dhubri,25.990850820837288,89.89919899098483
281031,Payestichalakura,Dhubri,26.05898602725096,90.03711244432442
281033,Rever Block No.10.N.C.,Dhubri,26.047200977024666,90.04260599914566
281035,Chala Kura Pt II,Dhubri,26.03789905661816,90.03698921735082
281038,Chala Kura Pt V,Dhubri,26.02683311070355,90.039102898126
281040,Chitalkati,Dhubri,26.12260774231,90.06032765759535
281042,Bagulamari Pt.II,Dhubri,26.137874869624675,90.07308761565692
281046,Rangamati Pt.I,Dhubri,26.170610051461544,90.06804723954578
281063,Fasat Pur,Dhubri,26.14733420972241,90.05851036760106
281073,Sadhuvasa Pt.II,Dhubri,26.16155608326523,90.10805134678822
281074,Sadhuvasa Pt.I,Dhubri,26.16227994949137,90.11920971302308
281084,Gutipara Pt.II,Dhubri,26.1677172740162,90.17899896582615
281093,Dalaner Alga No.2,Dhubri,26.17740660303873,90.11695710314623
281098,Chirakhowa Pt.VI,Dhubri,26.106258987708703,90.04624910040086
281102,Chirakhowa Pt.I,Dhubri,26.08963535926337,90.0540676411138
281103,Chirakhowa Pt.III,Dhubri,26.10032079876088,90.05701022790369
281106,Jharnerchar Pt.III,Dhubri,26.10812414486529,90.06896960099759
281107,Jharner Char Pt.II,Dhubri,26.118444215141608,90.07663248807852
281117,Salmara Pt.V,Dhubri,26.12241827936396,90.1064209294657
281126,Majer Alga Pt.I,Dhubri,26.1106067882752,90.09165012254
281128,Dimatala Pt.II,Dhubri,26.10298577872296,90.07802261000327
281146,Katlamari Pt.III,Dhubri,26.06634810875536,90.08799738115164
281147,Katlamari Pt.II,Dhubri,26.055303209579844,90.08719729529122
281154,Japur Char N.C.,Dhubri,26.08571911036694,90.13606209418158
281158,Boyjer Alga Pt.X,Dhubri,26.107272585305857,90.1540974979594
281159,Boyjer Alga Pt.I,Dhubri,26.107815165401995,90.16953353461
281170,Sonamoyee Pt.I,Dhubri,26.31379953663894,90.130360111916
281177,Beltari,Dhubri,26.31392850287576,90.16262426076548
281178,Suripara Pt.I,Dhubri,26.3117227714758,90.15035123761838
281187,Khudnamari Pt.I,Dhubri,26.28126485459647,90.15052802406224
281189,Kaslatari Pt.I,Dhubri,26.284902374430967,90.16302050641792
281204,Holdibari Pt.I,Dhubri,26.25160295248796,90.1526731628091
281206,Puthimari,Dhubri,26.25764000219337,90.14146486523748
281220,Salmara,Dhubri,26.24580745538741,90.1623495495601
281238,Bangalipara  (Bangalipara Pt.II),Dhubri,26.224977572082988,90.192390271991
281239,Kadamtala Pt.III,Dhubri,26.21773481342451,90.19706526574625
281250,Kazaikata Pt.VI,Dhubri,26.19287828685417,90.18664218490838
281251,Sagunmari Pt.IV,Dhubri,26.20096561414855,90.1860403432882
281252,Kathaldi Pt.I,Dhubri,26.20292067368809,90.20742035818796
281254,Kazaikata Pt.V,Dhubri,26.18336288350747,90.19692136680536
281255,Gutipara Pt.I,Dhubri,26.17857049520702,90.18017050909346
281259,Suapata Pt.IV,Dhubri,26.17265804929701,90.22631136019696
281260,Nayeralga Pt.II,Dhubri,26.159853745874788,90.21988892495
281266,Nayeralga Pt.I,Dhubri,26.151248615118465,90.2352994315586
281279,Mamudpur,Dhubri,26.289828373412583,90.17493665838477
281285,Gaurangtari Pt.I,Dhubri,26.320202422149865,90.21085975398528
281287,Bakuabhangi,Dhubri,26.309947012360155,90.24063801430133
281293,Bhalukmari,Dhubri,26.30048909318539,90.22077063142171
281295,Alengmari,Dhubri,26.29589309088857,90.21669588477988
281298,Takimari,Dhubri,26.2894415385901,90.21096996983336
281301,Sukulartari,Dhubri,26.282229839621458,90.24656721785898
281303,Udmari Pt.III,Dhubri,26.27763540947241,90.26683192640856
281304,Barshi Pt.I,Dhubri,26.26905016535647,90.26493475396308
281310,Udmari Pt.IV,Dhubri,26.275475936671743,90.22151459715062
281312,Paikandara Pt.II,Dhubri,26.27385809997537,90.18733964301953
281313,Paikandara Pt.I,Dhubri,26.26072423858919,90.18224523594552
281322,Gopigaon Pt.II,Dhubri,26.25377456690141,90.20444938196412
281323,Gopigaon Pt.III,Dhubri,26.244499114041947,90.20546030007128
281334,Kajaikata Pt.II,Dhubri,26.196844717773818,90.23666443280338
281335,Suapata Pt.V,Dhubri,26.181095193344976,90.24068806580964
281350,Hapapara Pt.II,Dhubri,26.257028740005435,90.335997820376
281352,Sreegram Pt.V,Dhubri,26.26929649422274,90.36067225204904
281370,Khamarpara,Dhubri,26.23415339497257,90.34011727961912
281374,Eklapara,Dhubri,26.232899375317537,90.3595170896888
281378,Harkata Muslim Para,Dhubri,26.21415390191929,90.33871398785584
281394,Dakra Beel,Dhubri,26.25261201477392,90.36428686006106
281397,Falimari T.E.,Dhubri,26.30478701419385,90.41372790782566
281401,Sidaguri,Dhubri,26.35167864534145,90.44468526359792
281414,Mowkhuwa,Dhubri,26.300031214753187,90.46906573567196
281418,Rowmari Pt.II,Dhubri,26.28968821934039,90.45024291270823
281422,Bahalpur Totpara,Dhubri,26.31008086140664,90.46002818011362
281423,Bahalpur Boropara Pt.I,Dhubri,26.317974212872382,90.45343306847744
281446,Tindubi,Dhubri,26.013187690715984,90.07872144911752
281449,Puhirtari,Dhubri,26.01930953859637,90.08887447141728
281450,Gadupara Bhijapara,Dhubri,26.013292419970018,90.0963724276238
281452,Borovita,Dhubri,25.99691872652305,90.08115618200436
281454,Birsing Sialmari,Dhubri,25.99653994697036,90.035217783498
281459,Golaperalga,Dhubri,25.978556802873825,90.0293609251924
281463,Dhadaimari,Dhubri,25.96631198430465,90.01652843628035
281466,Dawarikhota,Dhubri,25.930031264626265,89.97659147037905
281467,Pacherchar,Dhubri,25.91806508463309,89.9587499229858
281493,Kathearalga Pt.I,Dhubri,25.868993938162493,89.904049589983
281495,Kathearalga Pt.III,Dhubri,25.85792281204656,89.90067374757095
281500,Kathearalga Pt. VIII,Dhubri,25.85436825696612,89.85269727743916
281501,Salapara Pt.I,Dhubri,25.84109093852161,89.8451925557304
281510,Barabangarchar Pt.II,Dhubri,25.832741759656503,89.90539252757436
281516,Fdimarichar No-3,Dhubri,25.79733735395552,89.8825434316925
281523,Khamari,Dhubri,26.007680418288487,90.1210929141329
281528,Rowarpara Nc,Dhubri,26.022235391800464,90.09834937381603
281539,Berkakhali Nc,Dhubri,26.00805644035092,90.10650258836075
281540,Dighirpar,Dhubri,26.04326329686674,90.16154168236552
281544,Beldubi,Dhubri,26.032904417777285,90.1636551285545
281547,Madatari,Dhubri,26.024064616139096,90.14153315974212
281551,Jambari,Dhubri,26.02251773622544,90.18226162477696
281553,Falpur,Dhubri,26.0085216440605,90.16011573353808
281555,Paddervita,Dhubri,26.00941685439852,90.14890894982794
281560,Parua,Dhubri,25.99645724541456,90.15477253139048
281572,Balatari,Dhubri,25.966955944523733,90.10725454491342
281582,Ghagmari Pt.I  (Bhegmari Pt..I),Dhubri,25.97875658235307,90.05407112060912
281584,Chotokalia Pt.I,Dhubri,25.96700107633872,90.0415959356353
281585,Chotokalia Pt.II,Dhubri,25.97008066613716,90.06311855154725
281587,Bhakuamari,Dhubri,25.98121953559552,90.0447864524998
281588,Borokalia Pt.I,Dhubri,25.959612823553904,90.05218754595415
281590,Sunderpara Pt.IV,Dhubri,25.959974032221545,90.07699271185274
281591,Mairakuchi Pt.II,Dhubri,25.945393689491627,90.07818547558291
281595,Baushkata Pt.IV,Dhubri,25.94969834222137,89.99585530265843
281596,Baushkata Pt.V,Dhubri,25.951998736945043,90.00800314421735
281606,Borokalia Goladegi,Dhubri,25.94549410997588,90.06070304116443
281614,Saboltari,Dhubri,25.90122313545145,90.01795749875326
281615,Chaitarchar Pt.II,Dhubri,25.90636202659504,89.99794907963984
281628,Lawkhowa,Dhubri,25.894211646910087,89.98132582957948
281635,Khopati Pt.I,Dhubri,25.809342962008767,89.94125946677475
281638,Khopati Pt.IV,Dhubri,25.762824050275785,89.93045441500338
281641,Bramputra Borabanga,Dhubri,25.80521693246502,89.90988099153353
281645,Borobaloo,Dhubri,25.788718831075503,89.8991309498069
281647,Dewaneralga Pt.II,Dhubri,25.77140051921616,89.85254649481112
281648,Dewaneralga Pt.III,Dhubri,25.76936034900097,89.86499740429761
281651,Berabanga Pt.I,Dhubri,25.77846037875992,89.89116834124614
281652,Bhutiadanga,Dhubri,25.767237319064325,89.90692847771555
281655,Ferengichar,Dhubri,25.74677945123509,89.92053870531657
281665,Kokradanga Pt.I,Dhubri,25.733176778889582,89.84060589822492
281669,Hatsingimari,Dhubri,25.72319163704353,89.89529170299998
281670,Bhimapara,Dhubri,25.71642088583405,89.89252610339057
281678,Fekamari Pt.I,Dhubri,25.705298916484,89.87721140235193
281680,Kharuabandha,Dhubri,25.708731770323222,89.90352579793615
281681,Roghupara,Dhubri,25.698490913373245,89.90724849904242
281699,Pacherkandi,Dhubri,25.677603237857824,89.9007613121056
281702,Ashomkata,Dhubri,25.651846643975507,89.90976798665483
281709,Pipulbari Pt.III,Dhubri,25.64754756299801,89.92137028278326
281719,Pathuria,Dhubri,25.615686881442887,89.89245468243276
281720,Jhowdanga Pt.II,Dhubri,25.60415878572416,89.88621705388985
281728,Tangoan Pt.III,Dhubri,25.64543476955636,89.95525285151481
281730,Shalibharin,Dhubri,25.62360253313526,89.97632463084442
281734,Monjuri,Dhubri,25.582087671881297,89.93430468448341
281736,Rangapani,Dhubri,25.573030332248464,89.91257149448477
281738,Kuchnimara,Dhubri,25.570743704098444,89.88291651865373
281756,Dhapgurikuraltanga Pt.I,Dhubri,25.61539644159164,89.99912195389608
